Common_name,Hectad,Time_period,Exclude
Great Brocade,HP60,2012-2016,1
Great Brocade,HT93,2012-2016,1
Red Sword-grass,HU31,2012-2016,0
Great Brocade,HU31,2012-2016,1
Great Brocade,HU35,2012-2016,1
Great Brocade,HU44,2012-2016,1
Scarce Silver Y,HU46,1975-1991,1
Red Sword-grass,HU46,1975-1991,0
Great Brocade,HU46,1975-1991,1
Gold Spangle,HY20,1975-1991,0
Gold Spangle,HY20,2012-2016,0
Scarce Silver Y,HY20,1975-1991,1
Red Sword-grass,HY20,2012-2016,0
Great Brocade,HY20,2012-2016,1
Red Sword-grass,HY21,1975-1991,0
Scarce Silver Y,HY30,1975-1991,1
Golden-rod Brindle,HY30,1975-1991,0
Sword-grass,HY30,1975-1991,0
Red Sword-grass,HY30,1975-1991,0
Great Brocade,HY30,1975-1991,1
Great Brocade,HY31,1975-1991,1
Red Sword-grass,HY32,2012-2016,0
Great Brocade,HY32,2012-2016,1
Gold Spangle,HY41,2012-2016,0
Sword-grass,HY41,2012-2016,0
Red Sword-grass,HY41,2012-2016,0
Great Brocade,HY41,1975-1991,1
Great Brocade,HY41,2012-2016,1
Red Sword-grass,HZ27,2012-2016,0
Gold Spangle,NC01,1975-1991,0
Gold Spangle,NC01,2012-2016,0
Scarce Silver Y,NC01,1975-1991,0
Golden-rod Brindle,NC01,1975-1991,0
Red Sword-grass,NC01,1975-1991,0
Red Sword-grass,NC01,2012-2016,0
Great Brocade,NC01,2012-2016,0
Gold Spangle,NC02,2012-2016,0
Scarce Silver Y,NC02,2012-2016,0
Golden-rod Brindle,NC02,2012-2016,0
Red Sword-grass,NC02,2012-2016,0
Gold Spangle,NC10,1975-1991,0
Scarce Silver Y,NC10,1975-1991,0
Sword-grass,NC10,1975-1991,0
Red Sword-grass,NC10,1975-1991,0
Red Sword-grass,NC13,2012-2016,0
Gold Spangle,NC21,1975-1991,0
Scarce Silver Y,NC21,1975-1991,0
Red Sword-grass,NC21,1975-1991,0
Golden-rod Brindle,NC33,2012-2016,0
Gold Spangle,NC40,1975-1991,0
Gold Spangle,NC50,1975-1991,0
Scarce Silver Y,NC50,1975-1991,0
Golden-rod Brindle,NC50,1975-1991,0
Golden-rod Brindle,NC50,2012-2016,0
Red Sword-grass,NC50,1975-1991,0
Red Sword-grass,NC50,2012-2016,0
Gold Spangle,NC55,2012-2016,0
Gold Spangle,NC56,2012-2016,0
Gold Spangle,NC66,2012-2016,0
Gold Spangle,NC70,1975-1991,0
Gold Spangle,NC70,2012-2016,0
Scarce Silver Y,NC70,2012-2016,0
Golden-rod Brindle,NC70,1975-1991,0
Red Sword-grass,NC70,1975-1991,0
Red Sword-grass,NC70,2012-2016,0
Gold Spangle,NC74,2012-2016,0
Gold Spangle,NC80,2012-2016,0
Scarce Silver Y,NC80,2012-2016,0
Golden-rod Brindle,NC80,2012-2016,0
Red Sword-grass,NC80,2012-2016,0
Scarce Silver Y,NC82,2012-2016,0
Gold Spangle,NC85,2012-2016,0
Gold Spangle,NC86,2012-2016,0
Scarce Silver Y,NC86,2012-2016,0
Red Sword-grass,NC86,2012-2016,0
Great Brocade,NC86,2012-2016,1
Gold Spangle,NC90,2012-2016,0
Scarce Silver Y,NC90,2012-2016,0
Red Sword-grass,NC91,2012-2016,0
Gold Spangle,NC92,2012-2016,0
Golden-rod Brindle,NC92,2012-2016,0
Red Sword-grass,NC94,2012-2016,0
Gold Spangle,NC96,1975-1991,0
Gold Spangle,NC96,2012-2016,0
Red Sword-grass,NC96,1975-1991,0
Great Brocade,NC96,1975-1991,1
Red Sword-grass,ND02,2012-2016,0
Gold Spangle,ND03,2012-2016,0
Gold Spangle,ND05,2012-2016,0
Gold Spangle,ND06,2012-2016,0
Gold Spangle,ND12,2012-2016,0
Great Brocade,ND12,1975-1991,1
Gold Spangle,ND13,1975-1991,0
Gold Spangle,ND13,2012-2016,0
Gold Spangle,ND14,2012-2016,0
Gold Spangle,ND15,1975-1991,0
Gold Spangle,ND15,2012-2016,0
Red Sword-grass,ND15,1975-1991,0
Gold Spangle,ND16,2012-2016,0
Red Sword-grass,ND16,2012-2016,0
Gold Spangle,ND23,2012-2016,0
Red Sword-grass,ND24,2012-2016,0
Red Sword-grass,ND25,2012-2016,0
Gold Spangle,ND26,1975-1991,0
Gold Spangle,ND26,2012-2016,0
Red Sword-grass,ND26,2012-2016,0
Gold Spangle,ND27,2012-2016,0
Sword-grass,ND27,2012-2016,0
Red Sword-grass,ND27,2012-2016,0
Great Brocade,ND27,2012-2016,1
Red Sword-grass,ND34,2012-2016,0
Gold Spangle,ND35,2012-2016,0
Red Sword-grass,ND35,2012-2016,0
Gold Spangle,ND37,2012-2016,0
Red Sword-grass,ND37,2012-2016,0
Gold Spangle,ND39,2012-2016,0
Great Brocade,ND39,2012-2016,1
Sword-grass,ND49,2012-2016,0
Red Sword-grass,ND49,2012-2016,0
Great Brocade,ND49,1975-1991,1
Scarce Silver Y,NF70,2012-2016,0
Red Sword-grass,NF70,2012-2016,0
Gold Spangle,NF71,2012-2016,0
Scarce Silver Y,NF71,2012-2016,0
Red Sword-grass,NF71,2012-2016,0
Great Brocade,NF71,2012-2016,1
Gold Spangle,NF72,2012-2016,0
Scarce Silver Y,NF72,2012-2016,0
Red Sword-grass,NF72,2012-2016,0
Great Brocade,NF72,2012-2016,1
Scarce Silver Y,NF73,2012-2016,0
Scarce Silver Y,NF81,2012-2016,0
Scarce Silver Y,NF83,2012-2016,0
Gold Spangle,NF84,2012-2016,0
Gold Spangle,NF85,2012-2016,0
Red Sword-grass,NF85,2012-2016,0
Scarce Silver Y,NF86,2012-2016,0
Red Sword-grass,NF86,2012-2016,0
Scarce Silver Y,NG08,1975-1991,0
Gold Spangle,NG14,2012-2016,0
Scarce Silver Y,NG14,2012-2016,0
Gold Spangle,NG15,2012-2016,0
Red Sword-grass,NG15,2012-2016,0
Red Sword-grass,NG30,1975-1991,0
Gold Spangle,NG32,1975-1991,0
Red Sword-grass,NG32,1975-1991,0
Gold Spangle,NG33,2012-2016,0
Scarce Silver Y,NG33,2012-2016,0
Red Sword-grass,NG33,2012-2016,0
Gold Spangle,NG43,2012-2016,0
Gold Spangle,NG52,2012-2016,0
Golden-rod Brindle,NG52,2012-2016,0
Red Sword-grass,NG52,2012-2016,0
Gold Spangle,NG53,2012-2016,0
Golden-rod Brindle,NG53,2012-2016,0
Red Sword-grass,NG53,2012-2016,0
Gold Spangle,NG61,2012-2016,0
Red Sword-grass,NG61,2012-2016,0
Red Sword-grass,NG62,2012-2016,0
Red Sword-grass,NG72,2012-2016,0
Gold Spangle,NG73,2012-2016,0
Scarce Silver Y,NG73,2012-2016,0
Golden-rod Brindle,NG73,2012-2016,0
Red Sword-grass,NG73,2012-2016,0
Great Brocade,NG73,2012-2016,0
Gold Spangle,NG77,2012-2016,0
Golden-rod Brindle,NG77,2012-2016,0
Red Sword-grass,NG77,2012-2016,0
Gold Spangle,NG82,2012-2016,0
Red Sword-grass,NG82,2012-2016,0
Great Brocade,NG82,2012-2016,0
Gold Spangle,NG83,2012-2016,0
Scarce Silver Y,NG84,1975-1991,0
Red Sword-grass,NG84,1975-1991,0
Great Brocade,NG84,1975-1991,0
Gold Spangle,NG87,2012-2016,0
Red Sword-grass,NG87,2012-2016,0
Great Brocade,NG87,2012-2016,0
Gold Spangle,NG88,2012-2016,0
Scarce Silver Y,NG88,2012-2016,0
Red Sword-grass,NG88,2012-2016,0
Great Brocade,NG88,2012-2016,0
Gold Spangle,NG89,2012-2016,0
Golden-rod Brindle,NG89,2012-2016,0
Red Sword-grass,NG89,2012-2016,0
Gold Spangle,NG90,1975-1991,0
Scarce Silver Y,NG96,2012-2016,0
Great Brocade,NG96,2012-2016,0
Red Sword-grass,NG97,2012-2016,0
Great Brocade,NG97,2012-2016,0
Red Sword-grass,NG98,2012-2016,0
Gold Spangle,NG99,2012-2016,0
Gold Spangle,NH06,1975-1991,0
Scarce Silver Y,NH06,1975-1991,0
Golden-rod Brindle,NH06,1975-1991,0
Red Sword-grass,NH06,1975-1991,0
Great Brocade,NH06,1975-1991,0
Red Sword-grass,NH08,2012-2016,0
Gold Spangle,NH10,1975-1991,0
Scarce Silver Y,NH10,1975-1991,0
Golden-rod Brindle,NH10,1975-1991,0
Sword-grass,NH10,1975-1991,0
Red Sword-grass,NH10,1975-1991,0
Red Sword-grass,NH10,2012-2016,0
Angle-striped Sallow,NH10,1975-1991,0
Great Brocade,NH10,1975-1991,0
Great Brocade,NH11,2012-2016,0
Golden-rod Brindle,NH12,2012-2016,0
Scarce Silver Y,NH13,2012-2016,0
Red Sword-grass,NH17,2012-2016,0
Scarce Silver Y,NH19,2012-2016,0
Gold Spangle,NH20,2012-2016,0
Scarce Silver Y,NH20,2012-2016,0
Golden-rod Brindle,NH20,2012-2016,0
Red Sword-grass,NH20,1975-1991,0
Red Sword-grass,NH21,2012-2016,0
Rannoch Looper,NH22,1975-1991,0
Rannoch Looper,NH22,2012-2016,0
Scarce Silver Y,NH22,2012-2016,0
Angle-striped Sallow,NH22,2012-2016,0
Great Brocade,NH22,1975-1991,0
Great Brocade,NH22,2012-2016,0
Rannoch Looper,NH23,2012-2016,0
Red Sword-grass,NH25,1975-1991,0
Scarce Silver Y,NH26,1975-1991,0
Rannoch Looper,NH30,1975-1991,0
Gold Spangle,NH30,1975-1991,0
Scarce Silver Y,NH30,1975-1991,0
Golden-rod Brindle,NH30,1975-1991,0
Red Sword-grass,NH30,1975-1991,0
Angle-striped Sallow,NH30,1975-1991,0
Great Brocade,NH30,1975-1991,0
Rannoch Looper,NH31,2012-2016,0
Gold Spangle,NH31,2012-2016,0
Red Sword-grass,NH31,2012-2016,0
Gold Spangle,NH32,1975-1991,0
Great Brocade,NH32,1975-1991,0
Rannoch Looper,NH33,1975-1991,0
Gold Spangle,NH33,1975-1991,0
Scarce Silver Y,NH33,1975-1991,0
Scarce Silver Y,NH33,2012-2016,0
Angle-striped Sallow,NH33,1975-1991,0
Great Brocade,NH33,1975-1991,0
Great Brocade,NH33,2012-2016,0
Rannoch Looper,NH34,2012-2016,0
Great Brocade,NH34,2012-2016,0
Rannoch Looper,NH35,1975-1991,0
Scarce Silver Y,NH35,1975-1991,0
Golden-rod Brindle,NH35,2012-2016,0
Angle-striped Sallow,NH35,2012-2016,0
Great Brocade,NH35,1975-1991,0
Red Sword-grass,NH36,2012-2016,0
Gold Spangle,NH41,2012-2016,0
Great Brocade,NH41,2012-2016,0
Rannoch Looper,NH43,2012-2016,0
Gold Spangle,NH43,2012-2016,0
Scarce Silver Y,NH43,2012-2016,0
Golden-rod Brindle,NH43,2012-2016,0
Red Sword-grass,NH43,2012-2016,0
Angle-striped Sallow,NH43,2012-2016,0
Great Brocade,NH43,2012-2016,0
Gold Spangle,NH44,2012-2016,0
Red Sword-grass,NH44,2012-2016,0
Angle-striped Sallow,NH44,2012-2016,0
Great Brocade,NH44,2012-2016,0
Gold Spangle,NH45,2012-2016,0
Sword-grass,NH45,2012-2016,0
Red Sword-grass,NH45,2012-2016,0
Angle-striped Sallow,NH45,2012-2016,0
Gold Spangle,NH46,1975-1991,0
Scarce Silver Y,NH46,1975-1991,0
Scarce Silver Y,NH49,2012-2016,0
Sword-grass,NH49,2012-2016,0
Red Sword-grass,NH49,2012-2016,0
Scarce Silver Y,NH50,2012-2016,0
Gold Spangle,NH51,2012-2016,0
Scarce Silver Y,NH51,2012-2016,0
Sword-grass,NH51,2012-2016,0
Angle-striped Sallow,NH51,2012-2016,0
Gold Spangle,NH52,2012-2016,0
Scarce Silver Y,NH52,2012-2016,0
Angle-striped Sallow,NH52,2012-2016,0
Gold Spangle,NH53,2012-2016,0
Scarce Silver Y,NH53,2012-2016,0
Sword-grass,NH53,2012-2016,0
Red Sword-grass,NH53,2012-2016,0
Angle-striped Sallow,NH53,2012-2016,0
Great Brocade,NH53,2012-2016,0
Gold Spangle,NH54,2012-2016,0
Red Sword-grass,NH54,1975-1991,0
Red Sword-grass,NH54,2012-2016,0
Angle-striped Sallow,NH54,2012-2016,0
Gold Spangle,NH55,2012-2016,0
Scarce Silver Y,NH55,2012-2016,0
Golden-rod Brindle,NH55,2012-2016,0
Sword-grass,NH55,2012-2016,0
Red Sword-grass,NH55,2012-2016,0
Angle-striped Sallow,NH55,2012-2016,0
Red Sword-grass,NH56,2012-2016,0
Angle-striped Sallow,NH56,2012-2016,0
Gold Spangle,NH59,1975-1991,0
Gold Spangle,NH59,2012-2016,0
Scarce Silver Y,NH59,1975-1991,0
Scarce Silver Y,NH59,2012-2016,0
Great Brocade,NH60,2012-2016,0
Golden-rod Brindle,NH62,2012-2016,0
Gold Spangle,NH63,1975-1991,0
Scarce Silver Y,NH63,1975-1991,0
Golden-rod Brindle,NH63,1975-1991,0
Sword-grass,NH63,1975-1991,0
Red Sword-grass,NH63,1975-1991,0
Great Brocade,NH63,1975-1991,0
Gold Spangle,NH64,1975-1991,0
Gold Spangle,NH64,2012-2016,0
Scarce Silver Y,NH64,1975-1991,0
Gold Spangle,NH65,2012-2016,0
Scarce Silver Y,NH65,2012-2016,0
Sword-grass,NH65,2012-2016,0
Red Sword-grass,NH65,2012-2016,0
Angle-striped Sallow,NH65,2012-2016,0
Red Sword-grass,NH66,2012-2016,0
Angle-striped Sallow,NH66,2012-2016,0
Gold Spangle,NH67,1975-1991,0
Scarce Silver Y,NH67,1975-1991,0
Golden-rod Brindle,NH67,2012-2016,0
Red Sword-grass,NH67,1975-1991,0
Angle-striped Sallow,NH67,1975-1991,0
Red Sword-grass,NH68,2012-2016,0
Gold Spangle,NH70,2012-2016,0
Scarce Silver Y,NH70,1975-1991,0
Scarce Silver Y,NH70,2012-2016,0
Golden-rod Brindle,NH70,1975-1991,0
Golden-rod Brindle,NH70,2012-2016,0
Sword-grass,NH70,2012-2016,0
Red Sword-grass,NH70,1975-1991,0
Red Sword-grass,NH70,2012-2016,0
Angle-striped Sallow,NH70,1975-1991,0
Angle-striped Sallow,NH70,2012-2016,0
Great Brocade,NH70,2012-2016,0
Gold Spangle,NH71,2012-2016,0
Scarce Silver Y,NH71,2012-2016,0
Red Sword-grass,NH71,2012-2016,0
Angle-striped Sallow,NH71,2012-2016,0
Gold Spangle,NH74,2012-2016,0
Scarce Silver Y,NH74,2012-2016,0
Angle-striped Sallow,NH75,2012-2016,0
Gold Spangle,NH76,1975-1991,0
Gold Spangle,NH76,2012-2016,0
Sword-grass,NH76,1975-1991,0
Red Sword-grass,NH76,1975-1991,0
Red Sword-grass,NH76,2012-2016,0
Great Brocade,NH76,1975-1991,0
Gold Spangle,NH77,2012-2016,0
Scarce Silver Y,NH77,2012-2016,0
Sword-grass,NH77,2012-2016,0
Red Sword-grass,NH77,2012-2016,0
Angle-striped Sallow,NH77,2012-2016,0
Great Brocade,NH77,2012-2016,0
Gold Spangle,NH78,2012-2016,0
Gold Spangle,NH79,2012-2016,0
Scarce Silver Y,NH79,2012-2016,0
Sword-grass,NH79,2012-2016,0
Red Sword-grass,NH79,2012-2016,0
Angle-striped Sallow,NH79,2012-2016,0
Gold Spangle,NH80,1975-1991,0
Gold Spangle,NH80,2012-2016,0
Scarce Silver Y,NH80,2012-2016,0
Golden-rod Brindle,NH80,1975-1991,0
Golden-rod Brindle,NH80,2012-2016,0
Sword-grass,NH80,1975-1991,0
Sword-grass,NH80,2012-2016,0
Red Sword-grass,NH80,1975-1991,0
Red Sword-grass,NH80,2012-2016,0
Angle-striped Sallow,NH80,1975-1991,0
Angle-striped Sallow,NH80,2012-2016,0
Great Brocade,NH80,1975-1991,0
Great Brocade,NH80,2012-2016,0
Gold Spangle,NH81,2012-2016,0
Scarce Silver Y,NH81,1975-1991,0
Scarce Silver Y,NH81,2012-2016,0
Golden-rod Brindle,NH81,2012-2016,0
Sword-grass,NH81,1975-1991,0
Sword-grass,NH81,2012-2016,0
Red Sword-grass,NH81,1975-1991,0
Red Sword-grass,NH81,2012-2016,0
Angle-striped Sallow,NH81,2012-2016,0
Great Brocade,NH81,1975-1991,0
Great Brocade,NH81,2012-2016,0
Scarce Silver Y,NH82,2012-2016,0
Golden-rod Brindle,NH82,2012-2016,0
Sword-grass,NH82,2012-2016,0
Red Sword-grass,NH82,2012-2016,0
Gold Spangle,NH83,2012-2016,0
Scarce Silver Y,NH83,2012-2016,0
Gold Spangle,NH84,2012-2016,0
Scarce Silver Y,NH84,2012-2016,0
Gold Spangle,NH86,2012-2016,0
Gold Spangle,NH87,2012-2016,0
Red Sword-grass,NH87,2012-2016,0
Angle-striped Sallow,NH87,2012-2016,0
Gold Spangle,NH88,1975-1991,0
Gold Spangle,NH89,2012-2016,0
Scarce Silver Y,NH89,2012-2016,0
Red Sword-grass,NH89,2012-2016,0
Angle-striped Sallow,NH89,2012-2016,0
Rannoch Looper,NH90,1975-1991,0
Rannoch Looper,NH90,2012-2016,0
Gold Spangle,NH90,2012-2016,0
Scarce Silver Y,NH90,2012-2016,0
Golden-rod Brindle,NH90,1975-1991,0
Golden-rod Brindle,NH90,2012-2016,0
Red Sword-grass,NH90,2012-2016,0
Angle-striped Sallow,NH90,2012-2016,0
Rannoch Looper,NH91,1975-1991,0
Rannoch Looper,NH91,2012-2016,0
Gold Spangle,NH91,1975-1991,0
Gold Spangle,NH91,2012-2016,0
Scarce Silver Y,NH91,1975-1991,0
Scarce Silver Y,NH91,2012-2016,0
Golden-rod Brindle,NH91,1975-1991,0
Golden-rod Brindle,NH91,2012-2016,0
Sword-grass,NH91,1975-1991,0
Sword-grass,NH91,2012-2016,0
Red Sword-grass,NH91,1975-1991,0
Red Sword-grass,NH91,2012-2016,0
Angle-striped Sallow,NH91,1975-1991,0
Angle-striped Sallow,NH91,2012-2016,0
Great Brocade,NH91,1975-1991,0
Great Brocade,NH91,2012-2016,0
Rannoch Looper,NH92,2012-2016,0
Gold Spangle,NH92,1975-1991,0
Gold Spangle,NH92,2012-2016,0
Scarce Silver Y,NH92,1975-1991,0
Scarce Silver Y,NH92,2012-2016,0
Golden-rod Brindle,NH92,2012-2016,0
Sword-grass,NH92,2012-2016,0
Red Sword-grass,NH92,2012-2016,0
Angle-striped Sallow,NH92,2012-2016,0
Great Brocade,NH92,2012-2016,0
Scarce Silver Y,NH93,2012-2016,0
Gold Spangle,NH94,2012-2016,0
Sword-grass,NH94,2012-2016,0
Red Sword-grass,NH94,2012-2016,0
Red Sword-grass,NH96,2012-2016,0
Angle-striped Sallow,NH96,2012-2016,0
Scarce Silver Y,NJ00,2012-2016,0
Rannoch Looper,NJ01,1975-1991,0
Scarce Silver Y,NJ01,1975-1991,0
Rannoch Looper,NJ02,2012-2016,0
Gold Spangle,NJ02,2012-2016,0
Scarce Silver Y,NJ02,2012-2016,0
Golden-rod Brindle,NJ02,2012-2016,0
Red Sword-grass,NJ02,2012-2016,0
Angle-striped Sallow,NJ02,2012-2016,0
Great Brocade,NJ02,2012-2016,0
Gold Spangle,NJ03,2012-2016,0
Scarce Silver Y,NJ03,2012-2016,0
Golden-rod Brindle,NJ03,2012-2016,0
Red Sword-grass,NJ03,2012-2016,0
Angle-striped Sallow,NJ03,2012-2016,0
Gold Spangle,NJ04,2012-2016,0
Sword-grass,NJ04,2012-2016,0
Red Sword-grass,NJ04,2012-2016,0
Angle-striped Sallow,NJ04,2012-2016,0
Gold Spangle,NJ05,2012-2016,0
Sword-grass,NJ05,2012-2016,0
Red Sword-grass,NJ05,2012-2016,0
Angle-striped Sallow,NJ05,2012-2016,0
Gold Spangle,NJ06,1975-1991,0
Gold Spangle,NJ06,2012-2016,0
Red Sword-grass,NJ06,2012-2016,0
Angle-striped Sallow,NJ06,2012-2016,0
Great Brocade,NJ06,2012-2016,0
Gold Spangle,NJ11,2012-2016,0
Scarce Silver Y,NJ12,2012-2016,0
Golden-rod Brindle,NJ12,2012-2016,0
Rannoch Looper,NJ13,2012-2016,0
Gold Spangle,NJ13,2012-2016,0
Rannoch Looper,NJ14,2012-2016,0
Red Sword-grass,NJ14,2012-2016,0
Angle-striped Sallow,NJ14,2012-2016,0
Gold Spangle,NJ16,1975-1991,0
Sword-grass,NJ16,1975-1991,0
Red Sword-grass,NJ16,1975-1991,0
Angle-striped Sallow,NJ16,1975-1991,0
Great Brocade,NJ16,1975-1991,0
Golden-rod Brindle,NJ20,2012-2016,0
Scarce Silver Y,NJ21,2012-2016,0
Rannoch Looper,NJ23,2012-2016,0
Scarce Silver Y,NJ23,2012-2016,0
Gold Spangle,NJ24,2012-2016,0
Angle-striped Sallow,NJ25,2012-2016,0
Gold Spangle,NJ26,2012-2016,0
Sword-grass,NJ26,1975-1991,0
Red Sword-grass,NJ26,2012-2016,0
Rannoch Looper,NJ30,1975-1991,0
Gold Spangle,NJ30,2012-2016,0
Rannoch Looper,NJ32,2012-2016,0
Gold Spangle,NJ32,2012-2016,0
Scarce Silver Y,NJ32,2012-2016,0
Gold Spangle,NJ33,1975-1991,0
Gold Spangle,NJ33,2012-2016,0
Rannoch Looper,NJ34,2012-2016,0
Sword-grass,NJ35,2012-2016,0
Gold Spangle,NJ36,2012-2016,0
Gold Spangle,NJ40,2012-2016,0
Golden-rod Brindle,NJ40,1975-1991,0
Scarce Silver Y,NJ42,2012-2016,0
Red Sword-grass,NJ42,2012-2016,0
Scarce Silver Y,NJ45,2012-2016,0
Sword-grass,NJ45,2012-2016,0
Red Sword-grass,NJ45,2012-2016,0
Great Brocade,NJ45,2012-2016,1
Gold Spangle,NJ46,2012-2016,0
Scarce Silver Y,NJ46,2012-2016,0
Sword-grass,NJ46,2012-2016,0
Red Sword-grass,NJ46,2012-2016,0
Gold Spangle,NJ50,2012-2016,0
Gold Spangle,NJ51,2012-2016,0
Scarce Silver Y,NJ51,2012-2016,0
Red Sword-grass,NJ51,2012-2016,0
Great Brocade,NJ51,2012-2016,1
Gold Spangle,NJ54,1975-1991,0
Gold Spangle,NJ55,1975-1991,0
Gold Spangle,NJ55,2012-2016,0
Scarce Silver Y,NJ55,1975-1991,0
Scarce Silver Y,NJ55,2012-2016,0
Sword-grass,NJ55,1975-1991,0
Sword-grass,NJ55,2012-2016,0
Red Sword-grass,NJ55,1975-1991,0
Red Sword-grass,NJ55,2012-2016,0
Great Brocade,NJ55,1975-1991,1
Great Brocade,NJ55,2012-2016,1
Gold Spangle,NJ60,2012-2016,0
Rannoch Looper,NJ61,2012-2016,0
Gold Spangle,NJ61,1975-1991,0
Red Sword-grass,NJ61,2012-2016,0
Great Brocade,NJ61,1975-1991,1
Gold Spangle,NJ62,1975-1991,0
Gold Spangle,NJ64,1975-1991,0
Gold Spangle,NJ65,2012-2016,0
Sword-grass,NJ65,2012-2016,0
Red Sword-grass,NJ66,1975-1991,0
Great Brocade,NJ66,2012-2016,1
Gold Spangle,NJ70,2012-2016,0
Sword-grass,NJ70,1975-1991,0
Sword-grass,NJ70,2012-2016,0
Red Sword-grass,NJ70,2012-2016,0
Gold Spangle,NJ80,2012-2016,0
Rannoch Looper,NJ81,1975-1991,0
Gold Spangle,NJ81,1975-1991,0
Sword-grass,NJ81,1975-1991,0
Red Sword-grass,NJ81,1975-1991,0
Great Brocade,NJ81,1975-1991,1
Gold Spangle,NJ82,1975-1991,0
Gold Spangle,NJ82,2012-2016,0
Scarce Silver Y,NJ82,1975-1991,0
Sword-grass,NJ82,1975-1991,0
Sword-grass,NJ82,2012-2016,0
Red Sword-grass,NJ82,1975-1991,0
Red Sword-grass,NJ82,2012-2016,0
Great Brocade,NJ82,1975-1991,1
Great Brocade,NJ82,2012-2016,1
Gold Spangle,NJ83,1975-1991,0
Gold Spangle,NJ83,2012-2016,0
Sword-grass,NJ83,2012-2016,0
Red Sword-grass,NJ83,2012-2016,0
Great Brocade,NJ83,1975-1991,1
Great Brocade,NJ84,1975-1991,1
Gold Spangle,NJ86,1975-1991,0
Gold Spangle,NJ90,1975-1991,0
Gold Spangle,NJ90,2012-2016,0
Gold Spangle,NJ91,2012-2016,0
Red Sword-grass,NJ91,2012-2016,0
Sword-grass,NK02,1975-1991,0
Red Sword-grass,NK02,1975-1991,0
Great Brocade,NK02,1975-1991,1
Gold Spangle,NK05,1975-1991,0
Gold Spangle,NK13,1975-1991,0
Gold Spangle,NL94,2012-2016,0
Red Sword-grass,NL94,2012-2016,0
Red Sword-grass,NM15,2012-2016,0
Gold Spangle,NM26,1975-1991,0
Red Sword-grass,NM26,1975-1991,0
Great Brocade,NM26,1975-1991,0
Gold Spangle,NM31,2012-2016,0
Gold Spangle,NM34,2012-2016,0
Gold Spangle,NM35,2012-2016,0
Gold Spangle,NM42,2012-2016,0
Red Sword-grass,NM42,2012-2016,0
Red Sword-grass,NM43,1975-1991,0
Scarce Silver Y,NM44,2012-2016,0
Great Brocade,NM44,2012-2016,0
Gold Spangle,NM45,1975-1991,0
Gold Spangle,NM45,2012-2016,0
Red Sword-grass,NM45,2012-2016,0
Great Brocade,NM45,2012-2016,0
Gold Spangle,NM47,2012-2016,0
Red Sword-grass,NM48,2012-2016,0
Great Brocade,NM48,2012-2016,0
Gold Spangle,NM49,1975-1991,0
Gold Spangle,NM49,2012-2016,0
Red Sword-grass,NM49,1975-1991,0
Great Brocade,NM49,2012-2016,0
Gold Spangle,NM52,2012-2016,0
Gold Spangle,NM53,2012-2016,0
Scarce Silver Y,NM53,2012-2016,0
Red Sword-grass,NM53,2012-2016,0
Gold Spangle,NM54,1975-1991,0
Gold Spangle,NM54,2012-2016,0
Red Sword-grass,NM54,1975-1991,0
Red Sword-grass,NM54,2012-2016,0
Great Brocade,NM54,1975-1991,0
Great Brocade,NM54,2012-2016,0
Gold Spangle,NM55,2012-2016,0
Red Sword-grass,NM55,2012-2016,0
Gold Spangle,NM56,2012-2016,0
Red Sword-grass,NM56,2012-2016,0
Gold Spangle,NM57,2012-2016,0
Red Sword-grass,NM62,1975-1991,0
Red Sword-grass,NM62,2012-2016,0
Gold Spangle,NM64,2012-2016,0
Red Sword-grass,NM64,2012-2016,0
Red Sword-grass,NM65,2012-2016,0
Gold Spangle,NM66,2012-2016,0
Red Sword-grass,NM66,2012-2016,0
Gold Spangle,NM69,2012-2016,0
Red Sword-grass,NM69,2012-2016,0
Gold Spangle,NM70,1975-1991,0
Gold Spangle,NM70,2012-2016,0
Red Sword-grass,NM70,2012-2016,0
Gold Spangle,NM73,2012-2016,0
Scarce Silver Y,NM73,2012-2016,0
Red Sword-grass,NM73,2012-2016,0
Great Brocade,NM73,2012-2016,0
Red Sword-grass,NM74,1975-1991,0
Gold Spangle,NM76,2012-2016,0
Gold Spangle,NM80,2012-2016,0
Gold Spangle,NM81,2012-2016,0
Gold Spangle,NM82,2012-2016,0
Red Sword-grass,NM82,2012-2016,0
Gold Spangle,NM83,2012-2016,0
Gold Spangle,NM84,2012-2016,0
Gold Spangle,NM86,2012-2016,0
Scarce Silver Y,NM86,1975-1991,0
Red Sword-grass,NM86,1975-1991,0
Red Sword-grass,NM86,2012-2016,0
Great Brocade,NM86,1975-1991,0
Great Brocade,NM86,2012-2016,0
Great Brocade,NM88,1975-1991,0
Gold Spangle,NM93,1975-1991,0
Red Sword-grass,NM93,1975-1991,0
Red Sword-grass,NM93,2012-2016,0
Gold Spangle,NM94,1975-1991,0
Gold Spangle,NM94,2012-2016,0
Scarce Silver Y,NM94,1975-1991,0
Scarce Silver Y,NM94,2012-2016,0
Golden-rod Brindle,NM94,1975-1991,0
Sword-grass,NM94,1975-1991,0
Red Sword-grass,NM94,1975-1991,0
Red Sword-grass,NM94,2012-2016,0
Great Brocade,NM94,1975-1991,0
Gold Spangle,NM95,2012-2016,0
Red Sword-grass,NM95,2012-2016,0
Great Brocade,NM95,2012-2016,0
Red Sword-grass,NM98,2012-2016,0
Great Brocade,NN02,2012-2016,0
Gold Spangle,NN03,2012-2016,0
Red Sword-grass,NN03,2012-2016,0
Great Brocade,NN03,2012-2016,0
Gold Spangle,NN04,1975-1991,0
Red Sword-grass,NN04,2012-2016,0
Great Brocade,NN04,1975-1991,0
Gold Spangle,NN06,2012-2016,0
Scarce Silver Y,NN06,1975-1991,0
Scarce Silver Y,NN06,2012-2016,0
Great Brocade,NN06,1975-1991,0
Great Brocade,NN07,2012-2016,0
Scarce Silver Y,NN09,1975-1991,0
Red Sword-grass,NN11,2012-2016,0
Red Sword-grass,NN12,2012-2016,0
Red Sword-grass,NN13,2012-2016,0
Gold Spangle,NN15,1975-1991,0
Gold Spangle,NN15,2012-2016,0
Scarce Silver Y,NN15,2012-2016,0
Red Sword-grass,NN15,2012-2016,0
Gold Spangle,NN16,2012-2016,0
Scarce Silver Y,NN16,1975-1991,0
Scarce Silver Y,NN16,2012-2016,0
Great Brocade,NN16,1975-1991,0
Great Brocade,NN16,2012-2016,0
Gold Spangle,NN17,1975-1991,0
Gold Spangle,NN17,2012-2016,0
Scarce Silver Y,NN17,1975-1991,0
Great Brocade,NN17,2012-2016,0
Gold Spangle,NN18,2012-2016,0
Scarce Silver Y,NN18,2012-2016,0
Red Sword-grass,NN18,2012-2016,0
Scarce Silver Y,NN19,1975-1991,0
Great Brocade,NN19,1975-1991,0
Great Brocade,NN22,1975-1991,0
Scarce Silver Y,NN23,2012-2016,0
Great Brocade,NN23,2012-2016,0
Red Sword-grass,NN24,2012-2016,0
Scarce Silver Y,NN25,1975-1991,0
Scarce Silver Y,NN25,2012-2016,0
Red Sword-grass,NN25,2012-2016,0
Great Brocade,NN25,2012-2016,0
Gold Spangle,NN28,1975-1991,0
Gold Spangle,NN28,2012-2016,0
Scarce Silver Y,NN28,2012-2016,0
Red Sword-grass,NN28,2012-2016,0
Scarce Silver Y,NN30,1975-1991,0
Red Sword-grass,NN30,2012-2016,0
Golden-rod Brindle,NN32,1975-1991,0
Scarce Silver Y,NN37,2012-2016,0
Great Brocade,NN37,2012-2016,0
Scarce Silver Y,NN38,1975-1991,0
Gold Spangle,NN40,2012-2016,0
Scarce Silver Y,NN40,1975-1991,0
Scarce Silver Y,NN40,2012-2016,0
Golden-rod Brindle,NN40,1975-1991,0
Golden-rod Brindle,NN40,2012-2016,0
Sword-grass,NN40,2012-2016,0
Great Brocade,NN40,1975-1991,0
Gold Spangle,NN45,2012-2016,0
Scarce Silver Y,NN45,2012-2016,0
Sword-grass,NN45,1975-1991,0
Sword-grass,NN45,2012-2016,0
Red Sword-grass,NN45,2012-2016,0
Scarce Silver Y,NN47,2012-2016,0
Scarce Silver Y,NN48,2012-2016,0
Red Sword-grass,NN48,2012-2016,0
Scarce Silver Y,NN49,2012-2016,0
Great Brocade,NN49,2012-2016,0
Gold Spangle,NN50,2012-2016,0
Gold Spangle,NN52,2012-2016,0
Scarce Silver Y,NN52,2012-2016,0
Red Sword-grass,NN52,2012-2016,0
Gold Spangle,NN53,1975-1991,0
Gold Spangle,NN53,2012-2016,0
Scarce Silver Y,NN53,2012-2016,0
Red Sword-grass,NN53,2012-2016,0
Rannoch Looper,NN55,1975-1991,0
Gold Spangle,NN55,1975-1991,0
Scarce Silver Y,NN55,1975-1991,0
Golden-rod Brindle,NN55,1975-1991,0
Golden-rod Brindle,NN55,2012-2016,0
Sword-grass,NN55,1975-1991,0
Sword-grass,NN55,2012-2016,0
Red Sword-grass,NN55,1975-1991,0
Red Sword-grass,NN55,2012-2016,0
Angle-striped Sallow,NN55,2012-2016,0
Great Brocade,NN55,1975-1991,0
Gold Spangle,NN60,2012-2016,0
Gold Spangle,NN63,1975-1991,0
Scarce Silver Y,NN63,1975-1991,0
Scarce Silver Y,NN63,2012-2016,0
Red Sword-grass,NN63,2012-2016,0
Gold Spangle,NN64,2012-2016,0
Sword-grass,NN65,2012-2016,0
Red Sword-grass,NN65,2012-2016,0
Great Brocade,NN66,2012-2016,0
Red Sword-grass,NN68,2012-2016,0
Gold Spangle,NN69,2012-2016,0
Scarce Silver Y,NN69,2012-2016,0
Great Brocade,NN69,1975-1991,0
Great Brocade,NN69,2012-2016,0
Gold Spangle,NN70,1975-1991,0
Gold Spangle,NN70,2012-2016,0
Gold Spangle,NN71,2012-2016,0
Gold Spangle,NN72,2012-2016,0
Angle-striped Sallow,NN72,2012-2016,0
Gold Spangle,NN74,1975-1991,0
Gold Spangle,NN74,2012-2016,0
Great Brocade,NN74,1975-1991,0
Gold Spangle,NN75,1975-1991,0
Golden-rod Brindle,NN75,1975-1991,0
Golden-rod Brindle,NN75,2012-2016,0
Red Sword-grass,NN75,1975-1991,0
Red Sword-grass,NN75,2012-2016,0
Great Brocade,NN75,1975-1991,0
Gold Spangle,NN76,1975-1991,0
Gold Spangle,NN76,2012-2016,0
Scarce Silver Y,NN76,1975-1991,0
Scarce Silver Y,NN76,2012-2016,0
Golden-rod Brindle,NN76,1975-1991,0
Red Sword-grass,NN76,1975-1991,0
Great Brocade,NN76,1975-1991,0
Gold Spangle,NN79,1975-1991,0
Gold Spangle,NN79,2012-2016,0
Scarce Silver Y,NN79,2012-2016,0
Golden-rod Brindle,NN79,2012-2016,0
Sword-grass,NN79,2012-2016,0
Red Sword-grass,NN79,2012-2016,0
Angle-striped Sallow,NN79,2012-2016,0
Great Brocade,NN79,2012-2016,0
Gold Spangle,NN80,2012-2016,0
Golden-rod Brindle,NN80,2012-2016,0
Red Sword-grass,NN80,2012-2016,0
Gold Spangle,NN81,2012-2016,0
Gold Spangle,NN82,2012-2016,0
Gold Spangle,NN85,2012-2016,0
Red Sword-grass,NN85,2012-2016,0
Gold Spangle,NN86,2012-2016,0
Scarce Silver Y,NN86,1975-1991,0
Red Sword-grass,NN86,2012-2016,0
Angle-striped Sallow,NN86,2012-2016,0
Gold Spangle,NN88,2012-2016,0
Scarce Silver Y,NN88,2012-2016,0
Scarce Silver Y,NN89,1975-1991,0
Golden-rod Brindle,NN89,2012-2016,0
Red Sword-grass,NN89,2012-2016,0
Gold Spangle,NN90,2012-2016,0
Gold Spangle,NN93,2012-2016,0
Red Sword-grass,NN93,2012-2016,0
Gold Spangle,NN96,1975-1991,0
Gold Spangle,NN96,2012-2016,0
Scarce Silver Y,NN96,1975-1991,0
Scarce Silver Y,NN96,2012-2016,0
Golden-rod Brindle,NN96,1975-1991,0
Golden-rod Brindle,NN96,2012-2016,0
Sword-grass,NN96,1975-1991,0
Sword-grass,NN96,2012-2016,0
Red Sword-grass,NN96,1975-1991,0
Red Sword-grass,NN96,2012-2016,0
Angle-striped Sallow,NN96,1975-1991,0
Angle-striped Sallow,NN96,2012-2016,0
Great Brocade,NN96,1975-1991,0
Great Brocade,NN96,2012-2016,0
Scarce Silver Y,NN98,2012-2016,0
Golden-rod Brindle,NO00,1975-1991,0
Gold Spangle,NO03,2012-2016,0
Gold Spangle,NO04,1975-1991,0
Scarce Silver Y,NO04,1975-1991,0
Golden-rod Brindle,NO04,1975-1991,0
Sword-grass,NO04,1975-1991,0
Red Sword-grass,NO04,1975-1991,0
Angle-striped Sallow,NO04,1975-1991,0
Gold Spangle,NO06,1975-1991,0
Gold Spangle,NO06,2012-2016,0
Scarce Silver Y,NO06,1975-1991,0
Golden-rod Brindle,NO06,1975-1991,0
Golden-rod Brindle,NO06,2012-2016,0
Sword-grass,NO06,1975-1991,0
Red Sword-grass,NO06,1975-1991,0
Red Sword-grass,NO06,2012-2016,0
Angle-striped Sallow,NO06,2012-2016,0
Gold Spangle,NO08,2012-2016,0
Scarce Silver Y,NO08,2012-2016,0
Golden-rod Brindle,NO08,2012-2016,0
Sword-grass,NO08,2012-2016,0
Red Sword-grass,NO08,2012-2016,0
Scarce Silver Y,NO09,1975-1991,0
Scarce Silver Y,NO09,2012-2016,0
Red Sword-grass,NO09,2012-2016,0
Gold Spangle,NO10,2012-2016,0
Red Sword-grass,NO10,2012-2016,0
Red Sword-grass,NO12,2012-2016,0
Gold Spangle,NO15,1975-1991,0
Scarce Silver Y,NO19,2012-2016,0
Sword-grass,NO19,2012-2016,0
Red Sword-grass,NO19,2012-2016,0
Gold Spangle,NO20,2012-2016,0
Gold Spangle,NO21,2012-2016,0
Red Sword-grass,NO21,2012-2016,0
Gold Spangle,NO23,1975-1991,0
Gold Spangle,NO24,2012-2016,0
Gold Spangle,NO25,2012-2016,0
Scarce Silver Y,NO27,2012-2016,0
Red Sword-grass,NO27,2012-2016,0
Gold Spangle,NO29,1975-1991,0
Gold Spangle,NO29,2012-2016,0
Scarce Silver Y,NO29,1975-1991,0
Gold Spangle,NO32,2012-2016,0
Golden-rod Brindle,NO32,1975-1991,0
Sword-grass,NO32,1975-1991,0
Red Sword-grass,NO32,1975-1991,0
Gold Spangle,NO35,2012-2016,0
Sword-grass,NO35,2012-2016,0
Red Sword-grass,NO35,2012-2016,0
Golden-rod Brindle,NO36,2012-2016,0
Sword-grass,NO36,2012-2016,0
Red Sword-grass,NO36,2012-2016,0
Gold Spangle,NO37,2012-2016,0
Red Sword-grass,NO37,2012-2016,0
Scarce Silver Y,NO38,2012-2016,0
Sword-grass,NO38,2012-2016,0
Red Sword-grass,NO38,2012-2016,0
Golden-rod Brindle,NO39,1975-1991,0
Gold Spangle,NO40,2012-2016,0
Red Sword-grass,NO40,2012-2016,0
Red Sword-grass,NO41,2012-2016,0
Gold Spangle,NO42,2012-2016,0
Red Sword-grass,NO42,2012-2016,0
Gold Spangle,NO43,2012-2016,0
Red Sword-grass,NO47,2012-2016,0
Scarce Silver Y,NO48,2012-2016,0
Red Sword-grass,NO48,2012-2016,0
Rannoch Looper,NO49,1975-1991,0
Gold Spangle,NO49,2012-2016,0
Scarce Silver Y,NO49,1975-1991,0
Scarce Silver Y,NO49,2012-2016,0
Golden-rod Brindle,NO49,1975-1991,0
Golden-rod Brindle,NO49,2012-2016,0
Sword-grass,NO49,1975-1991,0
Sword-grass,NO49,2012-2016,0
Red Sword-grass,NO49,1975-1991,0
Red Sword-grass,NO49,2012-2016,0
Angle-striped Sallow,NO49,1975-1991,0
Angle-striped Sallow,NO49,2012-2016,0
Gold Spangle,NO50,1975-1991,0
Gold Spangle,NO50,2012-2016,0
Red Sword-grass,NO50,2012-2016,0
Gold Spangle,NO52,1975-1991,0
Gold Spangle,NO52,2012-2016,0
Red Sword-grass,NO52,2012-2016,0
Gold Spangle,NO53,2012-2016,0
Red Sword-grass,NO53,2012-2016,0
Sword-grass,NO54,2012-2016,0
Red Sword-grass,NO54,2012-2016,0
Red Sword-grass,NO55,2012-2016,0
Gold Spangle,NO59,2012-2016,0
Golden-rod Brindle,NO59,2012-2016,0
Red Sword-grass,NO59,2012-2016,0
Gold Spangle,NO64,2012-2016,0
Sword-grass,NO64,2012-2016,0
Red Sword-grass,NO64,2012-2016,0
Gold Spangle,NO65,2012-2016,0
Gold Spangle,NO66,2012-2016,0
Gold Spangle,NO69,2012-2016,0
Scarce Silver Y,NO69,1975-1991,0
Sword-grass,NO69,1975-1991,0
Sword-grass,NO69,2012-2016,0
Red Sword-grass,NO69,2012-2016,0
Gold Spangle,NO75,2012-2016,0
Sword-grass,NO75,2012-2016,0
Red Sword-grass,NO75,2012-2016,0
Gold Spangle,NO76,1975-1991,0
Gold Spangle,NO76,2012-2016,0
Great Brocade,NO76,1975-1991,1
Red Sword-grass,NO79,2012-2016,0
Gold Spangle,NO89,1975-1991,0
Gold Spangle,NR24,2012-2016,0
Scarce Silver Y,NR24,2012-2016,0
Gold Spangle,NR26,2012-2016,0
Red Sword-grass,NR26,2012-2016,0
Gold Spangle,NR39,1975-1991,0
Scarce Silver Y,NR39,1975-1991,0
Gold Spangle,NR45,1975-1991,0
Scarce Silver Y,NR45,1975-1991,0
Gold Spangle,NR47,1975-1991,0
Red Sword-grass,NR62,2012-2016,0
Red Sword-grass,NR64,2012-2016,0
Gold Spangle,NR78,2012-2016,0
Great Brocade,NR78,1975-1991,0
Gold Spangle,NR79,1975-1991,0
Gold Spangle,NR83,2012-2016,0
Gold Spangle,NR85,2012-2016,0
Scarce Silver Y,NR85,2012-2016,0
Red Sword-grass,NR85,2012-2016,0
Gold Spangle,NR86,2012-2016,0
Gold Spangle,NR88,2012-2016,0
Gold Spangle,NR89,1975-1991,0
Gold Spangle,NR89,2012-2016,0
Red Sword-grass,NR89,2012-2016,0
Great Brocade,NR89,2012-2016,0
Gold Spangle,NR93,1975-1991,0
Scarce Silver Y,NR93,1975-1991,0
Red Sword-grass,NR93,1975-1991,0
Gold Spangle,NR95,1975-1991,0
Red Sword-grass,NR95,1975-1991,0
Scarce Silver Y,NS02,1975-1991,0
Gold Spangle,NS03,2012-2016,0
Red Sword-grass,NS03,2012-2016,0
Gold Spangle,NS16,2012-2016,0
Red Sword-grass,NS16,2012-2016,0
Great Brocade,NS16,2012-2016,0
Gold Spangle,NS18,2012-2016,0
Red Sword-grass,NS18,2012-2016,0
Gold Spangle,NS20,1975-1991,0
Gold Spangle,NS20,2012-2016,0
Red Sword-grass,NS20,1975-1991,0
Red Sword-grass,NS21,2012-2016,0
Gold Spangle,NS23,2012-2016,0
Gold Spangle,NS24,2012-2016,0
Red Sword-grass,NS26,2012-2016,0
Gold Spangle,NS31,1975-1991,0
Gold Spangle,NS32,2012-2016,0
Gold Spangle,NS34,2012-2016,0
Gold Spangle,NS35,2012-2016,0
Gold Spangle,NS36,2012-2016,0
Red Sword-grass,NS36,2012-2016,0
Gold Spangle,NS37,2012-2016,0
Red Sword-grass,NS37,2012-2016,0
Gold Spangle,NS39,1975-1991,0
Golden-rod Brindle,NS39,1975-1991,0
Red Sword-grass,NS39,1975-1991,0
Great Brocade,NS39,1975-1991,0
Great Brocade,NS39,2012-2016,0
Gold Spangle,NS41,2012-2016,0
Gold Spangle,NS42,2012-2016,0
Red Sword-grass,NS42,2012-2016,0
Red Sword-grass,NS45,2012-2016,0
Gold Spangle,NS46,2012-2016,0
Gold Spangle,NS47,2012-2016,0
Red Sword-grass,NS47,2012-2016,0
Gold Spangle,NS48,1975-1991,0
Golden-rod Brindle,NS48,1975-1991,0
Sword-grass,NS48,1975-1991,0
Red Sword-grass,NS48,1975-1991,0
Red Sword-grass,NS48,2012-2016,0
Great Brocade,NS48,1975-1991,0
Gold Spangle,NS49,2012-2016,0
Gold Spangle,NS50,2012-2016,0
Gold Spangle,NS53,2012-2016,0
Red Sword-grass,NS53,2012-2016,0
Gold Spangle,NS55,2012-2016,0
Gold Spangle,NS56,1975-1991,0
Gold Spangle,NS56,2012-2016,0
Scarce Silver Y,NS56,1975-1991,0
Red Sword-grass,NS56,1975-1991,0
Gold Spangle,NS57,2012-2016,0
Red Sword-grass,NS57,2012-2016,0
Gold Spangle,NS58,2012-2016,0
Golden-rod Brindle,NS58,2012-2016,0
Red Sword-grass,NS58,2012-2016,0
Gold Spangle,NS64,2012-2016,0
Gold Spangle,NS65,2012-2016,0
Gold Spangle,NS66,1975-1991,0
Gold Spangle,NS66,2012-2016,0
Gold Spangle,NS67,2012-2016,0
Golden-rod Brindle,NS69,2012-2016,0
Red Sword-grass,NS69,2012-2016,0
Great Brocade,NS69,2012-2016,0
Gold Spangle,NS73,2012-2016,0
Gold Spangle,NS74,2012-2016,0
Gold Spangle,NS75,2012-2016,0
Gold Spangle,NS77,2012-2016,0
Scarce Silver Y,NS77,2012-2016,0
Gold Spangle,NS79,2012-2016,0
Golden-rod Brindle,NS79,2012-2016,0
Red Sword-grass,NS79,2012-2016,0
Angle-striped Sallow,NS79,2012-2016,0
Gold Spangle,NS80,2012-2016,0
Red Sword-grass,NS80,2012-2016,0
Gold Spangle,NS82,2012-2016,0
Gold Spangle,NS83,2012-2016,0
Gold Spangle,NS84,2012-2016,0
Red Sword-grass,NS84,2012-2016,0
Gold Spangle,NS85,2012-2016,0
Gold Spangle,NS86,2012-2016,0
Red Sword-grass,NS86,2012-2016,0
Gold Spangle,NS87,1975-1991,0
Sword-grass,NS87,2012-2016,0
Gold Spangle,NS88,1975-1991,0
Sword-grass,NS88,1975-1991,0
Red Sword-grass,NS88,1975-1991,0
Great Brocade,NS88,1975-1991,0
Gold Spangle,NS89,2012-2016,0
Golden-rod Brindle,NS89,2012-2016,0
Red Sword-grass,NS89,2012-2016,0
Gold Spangle,NS92,2012-2016,0
Gold Spangle,NS95,2012-2016,0
Gold Spangle,NS96,2012-2016,0
Scarce Silver Y,NS96,2012-2016,0
Gold Spangle,NS97,2012-2016,0
Red Sword-grass,NS97,2012-2016,0
Gold Spangle,NS98,2012-2016,0
Red Sword-grass,NS98,2012-2016,0
Gold Spangle,NS99,2012-2016,0
Gold Spangle,NT00,2012-2016,0
Golden-rod Brindle,NT00,1975-1991,0
Gold Spangle,NT02,2012-2016,0
Scarce Silver Y,NT02,2012-2016,0
Gold Spangle,NT03,2012-2016,0
Scarce Silver Y,NT03,2012-2016,0
Gold Spangle,NT04,2012-2016,0
Red Sword-grass,NT04,2012-2016,0
Gold Spangle,NT05,2012-2016,0
Red Sword-grass,NT05,2012-2016,0
Gold Spangle,NT06,2012-2016,0
Red Sword-grass,NT06,2012-2016,0
Gold Spangle,NT07,1975-1991,0
Gold Spangle,NT07,2012-2016,0
Sword-grass,NT07,1975-1991,0
Red Sword-grass,NT07,1975-1991,0
Great Brocade,NT07,1975-1991,1
Gold Spangle,NT08,2012-2016,0
Gold Spangle,NT09,1975-1991,0
Gold Spangle,NT09,2012-2016,0
Red Sword-grass,NT09,2012-2016,0
Gold Spangle,NT11,2012-2016,0
Scarce Silver Y,NT11,2012-2016,0
Gold Spangle,NT12,2012-2016,0
Scarce Silver Y,NT12,2012-2016,0
Scarce Silver Y,NT13,2012-2016,0
Gold Spangle,NT14,2012-2016,0
Scarce Silver Y,NT14,2012-2016,0
Red Sword-grass,NT14,1975-1991,0
Red Sword-grass,NT14,2012-2016,0
Gold Spangle,NT17,2012-2016,0
Great Brocade,NT17,1975-1991,1
Gold Spangle,NT18,2012-2016,0
Gold Spangle,NT19,2012-2016,0
Sword-grass,NT19,2012-2016,0
Red Sword-grass,NT19,2012-2016,0
Gold Spangle,NT20,2012-2016,0
Scarce Silver Y,NT21,2012-2016,0
Gold Spangle,NT22,2012-2016,0
Gold Spangle,NT23,1975-1991,0
Gold Spangle,NT23,2012-2016,0
Red Sword-grass,NT23,1975-1991,0
Red Sword-grass,NT23,2012-2016,0
Great Brocade,NT23,1975-1991,1
Gold Spangle,NT24,1975-1991,0
Gold Spangle,NT24,2012-2016,0
Scarce Silver Y,NT24,2012-2016,0
Great Brocade,NT24,1975-1991,1
Gold Spangle,NT25,1975-1991,0
Gold Spangle,NT25,2012-2016,0
Red Sword-grass,NT25,2012-2016,0
Gold Spangle,NT26,2012-2016,0
Gold Spangle,NT27,1975-1991,0
Gold Spangle,NT27,2012-2016,0
Gold Spangle,NT28,2012-2016,0
Red Sword-grass,NT28,2012-2016,0
Gold Spangle,NT29,2012-2016,0
Red Sword-grass,NT29,2012-2016,0
Gold Spangle,NT32,2012-2016,0
Scarce Silver Y,NT32,2012-2016,0
Red Sword-grass,NT32,2012-2016,0
Gold Spangle,NT33,2012-2016,0
Red Sword-grass,NT33,2012-2016,0
Golden-rod Brindle,NT34,1975-1991,0
Gold Spangle,NT37,2012-2016,0
Red Sword-grass,NT41,2012-2016,0
Gold Spangle,NT42,2012-2016,0
Scarce Silver Y,NT42,2012-2016,0
Red Sword-grass,NT42,2012-2016,0
Gold Spangle,NT43,1975-1991,0
Gold Spangle,NT43,2012-2016,0
Scarce Silver Y,NT43,1975-1991,0
Red Sword-grass,NT43,1975-1991,0
Red Sword-grass,NT43,2012-2016,0
Golden-rod Brindle,NT44,2012-2016,0
Gold Spangle,NT45,2012-2016,0
Gold Spangle,NT46,2012-2016,0
Red Sword-grass,NT46,2012-2016,0
Gold Spangle,NT47,2012-2016,0
Red Sword-grass,NT47,2012-2016,0
Gold Spangle,NT48,2012-2016,0
Gold Spangle,NT51,1975-1991,0
Gold Spangle,NT51,2012-2016,0
Scarce Silver Y,NT51,1975-1991,0
Golden-rod Brindle,NT51,1975-1991,0
Sword-grass,NT51,1975-1991,0
Red Sword-grass,NT51,1975-1991,0
Red Sword-grass,NT51,2012-2016,0
Great Brocade,NT51,1975-1991,1
Gold Spangle,NT52,2012-2016,0
Red Sword-grass,NT52,2012-2016,0
Gold Spangle,NT53,1975-1991,0
Gold Spangle,NT53,2012-2016,0
Red Sword-grass,NT53,2012-2016,0
Gold Spangle,NT54,2012-2016,0
Red Sword-grass,NT54,2012-2016,0
Golden-rod Brindle,NT55,2012-2016,0
Golden-rod Brindle,NT56,2012-2016,0
Gold Spangle,NT57,2012-2016,0
Red Sword-grass,NT57,2012-2016,0
Gold Spangle,NT58,2012-2016,0
Red Sword-grass,NT58,2012-2016,0
Gold Spangle,NT61,2012-2016,0
Red Sword-grass,NT61,2012-2016,0
Gold Spangle,NT62,2012-2016,0
Red Sword-grass,NT64,2012-2016,0
Golden-rod Brindle,NT65,2012-2016,0
Red Sword-grass,NT65,2012-2016,0
Gold Spangle,NT66,1975-1991,0
Gold Spangle,NT66,2012-2016,0
Scarce Silver Y,NT66,2012-2016,0
Golden-rod Brindle,NT66,2012-2016,0
Red Sword-grass,NT66,2012-2016,0
Gold Spangle,NT67,2012-2016,0
Great Brocade,NT69,1975-1991,1
Gold Spangle,NT70,2012-2016,0
Red Sword-grass,NT70,2012-2016,0
Red Sword-grass,NT71,2012-2016,0
Red Sword-grass,NT74,2012-2016,0
Gold Spangle,NT76,2012-2016,0
Red Sword-grass,NT76,2012-2016,0
Gold Spangle,NT77,2012-2016,0
Gold Spangle,NT85,2012-2016,0
Red Sword-grass,NT85,2012-2016,0
Gold Spangle,NT86,2012-2016,0
Red Sword-grass,NT86,2012-2016,0
Red Sword-grass,NT92,1975-1991,0
Gold Spangle,NT94,2012-2016,0
Gold Spangle,NT95,2012-2016,0
Gold Spangle,NT96,1975-1991,0
Gold Spangle,NT96,2012-2016,0
Scarce Silver Y,NT96,1975-1991,0
Sword-grass,NT96,1975-1991,0
Red Sword-grass,NT96,1975-1991,0
Red Sword-grass,NT96,2012-2016,0
Great Brocade,NT96,1975-1991,1
Gold Spangle,NU00,1975-1991,0
Gold Spangle,NU00,2012-2016,0
Scarce Silver Y,NU00,1975-1991,0
Golden-rod Brindle,NU00,2012-2016,0
Red Sword-grass,NU00,2012-2016,0
Gold Spangle,NU01,2012-2016,0
Gold Spangle,NU02,1975-1991,0
Gold Spangle,NU02,2012-2016,0
Gold Spangle,NU03,1975-1991,0
Gold Spangle,NU10,2012-2016,0
Red Sword-grass,NU10,2012-2016,0
Great Brocade,NU10,2012-2016,1
Gold Spangle,NU12,2012-2016,0
Red Sword-grass,NU12,2012-2016,0
Gold Spangle,NU13,1975-1991,0
Gold Spangle,NU20,1975-1991,0
Gold Spangle,NU20,2012-2016,0
Gold Spangle,NU21,2012-2016,0
Red Sword-grass,NU21,2012-2016,0
Great Brocade,NU21,2012-2016,1
Gold Spangle,NU22,1975-1991,0
Gold Spangle,NU22,2012-2016,0
Scarce Silver Y,NU22,1975-1991,0
Red Sword-grass,NU22,1975-1991,0
Red Sword-grass,NU23,2012-2016,0
Gold Spangle,NX15,1975-1991,0
Red Sword-grass,NX15,1975-1991,0
Gold Spangle,NX19,2012-2016,0
Gold Spangle,NX27,2012-2016,0
Red Sword-grass,NX34,2012-2016,0
Gold Spangle,NX35,1975-1991,0
Scarce Silver Y,NX36,1975-1991,0
Red Sword-grass,NX36,2012-2016,0
Gold Spangle,NX37,2012-2016,0
Scarce Silver Y,NX37,2012-2016,0
Red Sword-grass,NX37,2012-2016,0
Red Sword-grass,NX38,2012-2016,0
Red Sword-grass,NX44,2012-2016,0
Red Sword-grass,NX45,2012-2016,0
Gold Spangle,NX46,1975-1991,0
Gold Spangle,NX46,2012-2016,0
Red Sword-grass,NX46,2012-2016,0
Golden-rod Brindle,NX49,1975-1991,0
Gold Spangle,NX55,2012-2016,0
Red Sword-grass,NX55,2012-2016,0
Golden-rod Brindle,NX57,1975-1991,0
Red Sword-grass,NX64,2012-2016,0
Gold Spangle,NX65,1975-1991,0
Gold Spangle,NX65,2012-2016,0
Red Sword-grass,NX65,1975-1991,0
Red Sword-grass,NX65,2012-2016,0
Great Brocade,NX65,1975-1991,1
Gold Spangle,NX66,1975-1991,0
Gold Spangle,NX66,2012-2016,0
Red Sword-grass,NX66,1975-1991,0
Great Brocade,NX66,1975-1991,1
Gold Spangle,NX67,1975-1991,0
Gold Spangle,NX68,2012-2016,0
Red Sword-grass,NX68,2012-2016,0
Great Brocade,NX68,2012-2016,1
Gold Spangle,NX75,1975-1991,0
Gold Spangle,NX75,2012-2016,0
Red Sword-grass,NX75,1975-1991,0
Great Brocade,NX75,1975-1991,1
Red Sword-grass,NX77,2012-2016,0
Gold Spangle,NX85,1975-1991,0
Gold Spangle,NX85,2012-2016,0
Red Sword-grass,NX85,2012-2016,0
Gold Spangle,NX86,2012-2016,0
Gold Spangle,NX87,2012-2016,0
Gold Spangle,NX88,2012-2016,0
Red Sword-grass,NX88,2012-2016,0
Gold Spangle,NX89,1975-1991,0
Gold Spangle,NX89,2012-2016,0
Red Sword-grass,NX89,1975-1991,0
Great Brocade,NX89,1975-1991,1
Great Brocade,NX89,2012-2016,1
Gold Spangle,NX91,2012-2016,0
Gold Spangle,NX95,2012-2016,0
Gold Spangle,NX96,2012-2016,0
Gold Spangle,NX97,2012-2016,0
Red Sword-grass,NX97,2012-2016,0
Gold Spangle,NX98,1975-1991,0
Red Sword-grass,NX98,2012-2016,0
Gold Spangle,NY01,2012-2016,0
Red Sword-grass,NY02,2012-2016,0
Gold Spangle,NY03,2012-2016,0
Red Sword-grass,NY03,2012-2016,0
Red Sword-grass,NY04,2012-2016,0
Gold Spangle,NY06,1975-1991,0
Gold Spangle,NY06,2012-2016,0
Sword-grass,NY06,2012-2016,0
Gold Spangle,NY08,1975-1991,0
Gold Spangle,NY09,2012-2016,0
Scarce Silver Y,NY09,2012-2016,0
Red Sword-grass,NY09,2012-2016,0
Gold Spangle,NY11,2012-2016,0
Red Sword-grass,NY12,2012-2016,0
Gold Spangle,NY13,2012-2016,0
Red Sword-grass,NY13,2012-2016,0
Red Sword-grass,NY14,2012-2016,0
Gold Spangle,NY15,2012-2016,0
Great Brocade,NY15,2012-2016,1
Red Sword-grass,NY16,2012-2016,0
Golden-rod Brindle,NY17,2012-2016,0
Gold Spangle,NY18,2012-2016,0
Red Sword-grass,NY18,2012-2016,0
Gold Spangle,NY21,2012-2016,0
Scarce Silver Y,NY21,2012-2016,0
Gold Spangle,NY22,2012-2016,0
Scarce Silver Y,NY22,2012-2016,0
Red Sword-grass,NY22,2012-2016,0
Gold Spangle,NY23,2012-2016,0
Gold Spangle,NY24,2012-2016,0
Red Sword-grass,NY24,2012-2016,0
Gold Spangle,NY26,2012-2016,0
Red Sword-grass,NY26,2012-2016,0
Gold Spangle,NY27,2012-2016,0
Golden-rod Brindle,NY27,1975-1991,0
Gold Spangle,NY29,2012-2016,0
Gold Spangle,NY30,2012-2016,0
Scarce Silver Y,NY30,2012-2016,0
Red Sword-grass,NY30,2012-2016,0
Gold Spangle,NY32,1975-1991,0
Gold Spangle,NY34,2012-2016,0
Gold Spangle,NY35,2012-2016,0
Red Sword-grass,NY35,2012-2016,0
Scarce Silver Y,NY36,1975-1991,0
Red Sword-grass,NY37,2012-2016,0
Gold Spangle,NY39,2012-2016,0
Gold Spangle,NY43,2012-2016,0
Red Sword-grass,NY44,1975-1991,0
Gold Spangle,NY45,1975-1991,0
Gold Spangle,NY45,2012-2016,0
Red Sword-grass,NY45,2012-2016,0
Red Sword-grass,NY47,2012-2016,0
Gold Spangle,NY48,1975-1991,0
Gold Spangle,NY48,2012-2016,0
Red Sword-grass,NY48,1975-1991,0
Red Sword-grass,NY48,2012-2016,0
Gold Spangle,NY49,2012-2016,0
Gold Spangle,NY50,2012-2016,0
Gold Spangle,NY51,2012-2016,0
Gold Spangle,NY54,1975-1991,0
Gold Spangle,NY54,2012-2016,0
Scarce Silver Y,NY54,1975-1991,0
Golden-rod Brindle,NY54,1975-1991,0
Red Sword-grass,NY54,2012-2016,0
Great Brocade,NY54,1975-1991,1
Gold Spangle,NY55,1975-1991,0
Gold Spangle,NY55,2012-2016,0
Great Brocade,NY55,1975-1991,1
Gold Spangle,NY56,2012-2016,0
Red Sword-grass,NY56,2012-2016,0
Gold Spangle,NY57,2012-2016,0
Scarce Silver Y,NY57,2012-2016,0
Red Sword-grass,NY57,2012-2016,0
Red Sword-grass,NY58,2012-2016,0
Gold Spangle,NY59,1975-1991,0
Scarce Silver Y,NY59,1975-1991,0
Red Sword-grass,NY59,1975-1991,0
Gold Spangle,NY61,2012-2016,0
Red Sword-grass,NY61,2012-2016,0
Gold Spangle,NY62,2012-2016,0
Gold Spangle,NY63,2012-2016,0
Gold Spangle,NY65,2012-2016,0
Golden-rod Brindle,NY65,2012-2016,0
Red Sword-grass,NY65,2012-2016,0
Gold Spangle,NY67,2012-2016,0
Scarce Silver Y,NY67,1975-1991,0
Gold Spangle,NY68,1975-1991,0
Scarce Silver Y,NY68,1975-1991,0
Scarce Silver Y,NY68,2012-2016,0
Gold Spangle,NY69,1975-1991,0
Gold Spangle,NY69,2012-2016,0
Scarce Silver Y,NY69,1975-1991,0
Scarce Silver Y,NY69,2012-2016,0
Golden-rod Brindle,NY69,1975-1991,0
Red Sword-grass,NY69,1975-1991,0
Red Sword-grass,NY69,2012-2016,0
Great Brocade,NY69,1975-1991,1
Gold Spangle,NY70,1975-1991,0
Gold Spangle,NY70,2012-2016,0
Gold Spangle,NY71,2012-2016,0
Red Sword-grass,NY71,2012-2016,0
Gold Spangle,NY72,2012-2016,0
Gold Spangle,NY73,2012-2016,0
Scarce Silver Y,NY73,1975-1991,0
Golden-rod Brindle,NY73,1975-1991,0
Red Sword-grass,NY73,2012-2016,0
Gold Spangle,NY74,1975-1991,0
Gold Spangle,NY74,2012-2016,0
Gold Spangle,NY75,1975-1991,0
Red Sword-grass,NY76,1975-1991,0
Gold Spangle,NY77,1975-1991,0
Golden-rod Brindle,NY77,1975-1991,0
Gold Spangle,NY78,2012-2016,0
Scarce Silver Y,NY78,1975-1991,0
Gold Spangle,NY80,2012-2016,0
Gold Spangle,NY82,1975-1991,0
Gold Spangle,NY83,1975-1991,0
Gold Spangle,NY83,2012-2016,0
Gold Spangle,NY85,1975-1991,0
Red Sword-grass,NY85,1975-1991,0
Gold Spangle,NY86,1975-1991,0
Red Sword-grass,NY86,1975-1991,0
Gold Spangle,NY87,2012-2016,0
Red Sword-grass,NY87,2012-2016,0
Red Sword-grass,NY88,2012-2016,0
Red Sword-grass,NY89,1975-1991,0
Red Sword-grass,NY91,2012-2016,0
Gold Spangle,NY92,1975-1991,0
Gold Spangle,NY93,2012-2016,0
Gold Spangle,NY94,1975-1991,0
Gold Spangle,NY95,2012-2016,0
Scarce Silver Y,NY95,1975-1991,0
Gold Spangle,NY96,1975-1991,0
Gold Spangle,NY96,2012-2016,0
Scarce Silver Y,NY96,2012-2016,0
Gold Spangle,NY97,2012-2016,0
Red Sword-grass,NY97,2012-2016,0
Gold Spangle,NY98,2012-2016,0
Great Brocade,NY98,2012-2016,1
Gold Spangle,NY99,2012-2016,0
Golden-rod Brindle,NY99,1975-1991,0
Great Brocade,NY99,1975-1991,1
Gold Spangle,NZ00,1975-1991,0
Gold Spangle,NZ01,1975-1991,0
Gold Spangle,NZ01,2012-2016,0
Red Sword-grass,NZ01,2012-2016,0
Red Sword-grass,NZ02,2012-2016,0
Gold Spangle,NZ03,1975-1991,0
Scarce Silver Y,NZ03,1975-1991,0
Golden-rod Brindle,NZ03,1975-1991,0
Great Brocade,NZ03,1975-1991,1
Gold Spangle,NZ05,1975-1991,0
Great Brocade,NZ05,1975-1991,1
Gold Spangle,NZ06,2012-2016,0
Red Sword-grass,NZ06,2012-2016,0
Gold Spangle,NZ09,2012-2016,0
Gold Spangle,NZ10,2012-2016,0
Gold Spangle,NZ12,1975-1991,0
Great Brocade,NZ12,1975-1991,1
Gold Spangle,NZ13,2012-2016,0
Gold Spangle,NZ14,1975-1991,0
Gold Spangle,NZ15,1975-1991,0
Gold Spangle,NZ15,2012-2016,0
Gold Spangle,NZ16,1975-1991,0
Gold Spangle,NZ16,2012-2016,0
Red Sword-grass,NZ16,2012-2016,0
Great Brocade,NZ16,1975-1991,1
Gold Spangle,NZ18,1975-1991,0
Gold Spangle,NZ18,2012-2016,0
Red Sword-grass,NZ18,2012-2016,0
Gold Spangle,NZ21,2012-2016,0
Gold Spangle,NZ22,2012-2016,0
Gold Spangle,NZ24,1975-1991,0
Gold Spangle,NZ24,2012-2016,0
Sword-grass,NZ24,1975-1991,0
Gold Spangle,NZ25,1975-1991,0
Gold Spangle,NZ25,2012-2016,0
Red Sword-grass,NZ25,2012-2016,0
Great Brocade,NZ25,1975-1991,1
Gold Spangle,NZ26,2012-2016,0
Red Sword-grass,NZ26,2012-2016,0
Gold Spangle,NZ27,1975-1991,0
Gold Spangle,NZ27,2012-2016,0
Red Sword-grass,NZ27,2012-2016,0
Gold Spangle,NZ28,1975-1991,0
Gold Spangle,NZ28,2012-2016,0
Great Brocade,NZ28,1975-1991,1
Gold Spangle,NZ29,1975-1991,0
Gold Spangle,NZ29,2012-2016,0
Gold Spangle,NZ30,2012-2016,0
Scarce Silver Y,NZ30,2012-2016,0
Gold Spangle,NZ33,1975-1991,0
Gold Spangle,NZ35,1975-1991,0
Gold Spangle,NZ35,2012-2016,0
Red Sword-grass,NZ35,1975-1991,0
Gold Spangle,NZ36,2012-2016,0
Gold Spangle,NZ37,1975-1991,0
Gold Spangle,NZ37,2012-2016,0
Great Brocade,NZ37,1975-1991,1
Gold Spangle,NZ41,2012-2016,0
Gold Spangle,NZ43,1975-1991,0
Gold Spangle,NZ46,2012-2016,0
Red Sword-grass,NZ46,2012-2016,0
Scarce Silver Y,NZ50,1975-1991,0
Angle-striped Sallow,NZ50,2012-2016,0
Gold Spangle,NZ51,2012-2016,0
Sword-grass,NZ51,1975-1991,0
Red Sword-grass,NZ51,1975-1991,0
Gold Spangle,NZ52,2012-2016,0
Gold Spangle,NZ60,2012-2016,0
Scarce Silver Y,NZ60,1975-1991,0
Gold Spangle,NZ61,1975-1991,0
Gold Spangle,NZ61,2012-2016,0
Scarce Silver Y,NZ61,1975-1991,0
Scarce Silver Y,NZ61,2012-2016,0
Golden-rod Brindle,NZ61,1975-1991,0
Red Sword-grass,NZ61,1975-1991,0
Red Sword-grass,NZ61,2012-2016,0
Gold Spangle,NZ62,2012-2016,0
Gold Spangle,NZ70,2012-2016,0
Scarce Silver Y,NZ70,2012-2016,0
Golden-rod Brindle,NZ70,1975-1991,0
Golden-rod Brindle,NZ70,2012-2016,0
Red Sword-grass,NZ70,2012-2016,0
Gold Spangle,NZ80,1975-1991,0
Gold Spangle,NZ80,2012-2016,0
Scarce Silver Y,NZ80,2012-2016,0
Golden-rod Brindle,NZ80,1975-1991,0
Red Sword-grass,NZ80,1975-1991,0
Red Sword-grass,NZ80,2012-2016,0
Angle-striped Sallow,NZ80,1975-1991,0
Angle-striped Sallow,NZ80,2012-2016,0
Great Brocade,NZ80,1975-1991,1
Great Brocade,NZ80,2012-2016,1
Red Sword-grass,SD17,2012-2016,0
Angle-striped Sallow,SD17,1975-1991,1
Gold Spangle,SD20,2012-2016,0
Gold Spangle,SD26,1975-1991,0
Gold Spangle,SD26,2012-2016,0
Golden-rod Brindle,SD26,1975-1991,0
Red Sword-grass,SD26,1975-1991,0
Red Sword-grass,SD26,2012-2016,0
Angle-striped Sallow,SD26,1975-1991,1
Gold Spangle,SD27,2012-2016,0
Red Sword-grass,SD27,2012-2016,0
Gold Spangle,SD29,2012-2016,0
Red Sword-grass,SD30,2012-2016,0
Gold Spangle,SD31,2012-2016,0
Red Sword-grass,SD31,2012-2016,0
Red Sword-grass,SD32,2012-2016,0
Golden-rod Brindle,SD33,1975-1991,0
Gold Spangle,SD34,2012-2016,0
Gold Spangle,SD37,2012-2016,0
Golden-rod Brindle,SD37,1975-1991,0
Red Sword-grass,SD37,2012-2016,0
Gold Spangle,SD38,2012-2016,0
Golden-rod Brindle,SD38,1975-1991,0
Red Sword-grass,SD38,2012-2016,0
Gold Spangle,SD39,1975-1991,0
Red Sword-grass,SD41,2012-2016,0
Gold Spangle,SD42,2012-2016,0
Red Sword-grass,SD42,2012-2016,0
Golden-rod Brindle,SD43,1975-1991,0
Great Brocade,SD44,1975-1991,1
Gold Spangle,SD45,1975-1991,0
Red Sword-grass,SD45,2012-2016,0
Gold Spangle,SD46,1975-1991,0
Gold Spangle,SD46,2012-2016,0
Red Sword-grass,SD46,2012-2016,0
Gold Spangle,SD47,1975-1991,0
Gold Spangle,SD47,2012-2016,0
Scarce Silver Y,SD47,1975-1991,0
Golden-rod Brindle,SD47,1975-1991,0
Red Sword-grass,SD47,1975-1991,0
Red Sword-grass,SD47,2012-2016,0
Great Brocade,SD47,1975-1991,1
Gold Spangle,SD48,1975-1991,0
Gold Spangle,SD48,2012-2016,0
Red Sword-grass,SD48,2012-2016,0
Gold Spangle,SD49,2012-2016,0
Red Sword-grass,SD49,2012-2016,0
Gold Spangle,SD50,1975-1991,0
Gold Spangle,SD51,1975-1991,0
Red Sword-grass,SD52,2012-2016,0
Red Sword-grass,SD53,2012-2016,0
Golden-rod Brindle,SD54,1975-1991,0
Red Sword-grass,SD54,2012-2016,0
Gold Spangle,SD55,2012-2016,0
Red Sword-grass,SD55,2012-2016,0
Gold Spangle,SD56,1975-1991,0
Gold Spangle,SD56,2012-2016,0
Red Sword-grass,SD56,1975-1991,0
Red Sword-grass,SD56,2012-2016,0
Gold Spangle,SD57,2012-2016,0
Red Sword-grass,SD57,2012-2016,0
Gold Spangle,SD58,2012-2016,0
Gold Spangle,SD59,2012-2016,0
Red Sword-grass,SD59,2012-2016,0
Great Brocade,SD59,1975-1991,1
Gold Spangle,SD60,1975-1991,0
Gold Spangle,SD60,2012-2016,0
Gold Spangle,SD61,2012-2016,0
Red Sword-grass,SD61,2012-2016,0
Red Sword-grass,SD62,2012-2016,0
Gold Spangle,SD63,1975-1991,0
Golden-rod Brindle,SD63,1975-1991,0
Red Sword-grass,SD63,2012-2016,0
Gold Spangle,SD64,2012-2016,0
Golden-rod Brindle,SD64,2012-2016,0
Red Sword-grass,SD64,2012-2016,0
Gold Spangle,SD66,1975-1991,0
Gold Spangle,SD66,2012-2016,0
Scarce Silver Y,SD66,2012-2016,0
Golden-rod Brindle,SD66,1975-1991,0
Red Sword-grass,SD66,1975-1991,0
Red Sword-grass,SD66,2012-2016,0
Gold Spangle,SD67,2012-2016,0
Red Sword-grass,SD67,2012-2016,0
Gold Spangle,SD69,1975-1991,0
Scarce Silver Y,SD69,1975-1991,0
Gold Spangle,SD70,2012-2016,0
Red Sword-grass,SD70,2012-2016,0
Gold Spangle,SD71,1975-1991,0
Gold Spangle,SD71,2012-2016,0
Red Sword-grass,SD71,2012-2016,0
Gold Spangle,SD72,2012-2016,0
Gold Spangle,SD76,1975-1991,0
Gold Spangle,SD76,2012-2016,0
Golden-rod Brindle,SD76,1975-1991,0
Red Sword-grass,SD76,1975-1991,0
Gold Spangle,SD77,1975-1991,0
Gold Spangle,SD77,2012-2016,0
Scarce Silver Y,SD77,2012-2016,0
Red Sword-grass,SD77,1975-1991,0
Red Sword-grass,SD77,2012-2016,0
Gold Spangle,SD78,2012-2016,0
Scarce Silver Y,SD78,2012-2016,0
Great Brocade,SD78,2012-2016,1
Gold Spangle,SD81,1975-1991,0
Gold Spangle,SD81,2012-2016,0
Scarce Silver Y,SD81,2012-2016,0
Red Sword-grass,SD81,2012-2016,0
Gold Spangle,SD82,2012-2016,0
Gold Spangle,SD83,2012-2016,0
Gold Spangle,SD85,2012-2016,0
Gold Spangle,SD86,1975-1991,0
Gold Spangle,SD86,2012-2016,0
Scarce Silver Y,SD86,1975-1991,0
Scarce Silver Y,SD86,2012-2016,0
Golden-rod Brindle,SD86,1975-1991,0
Golden-rod Brindle,SD86,2012-2016,0
Red Sword-grass,SD86,2012-2016,0
Great Brocade,SD86,1975-1991,1
Gold Spangle,SD88,1975-1991,0
Gold Spangle,SD88,2012-2016,0
Gold Spangle,SD89,2012-2016,0
Gold Spangle,SD91,2012-2016,0
Scarce Silver Y,SD91,2012-2016,0
Gold Spangle,SD92,2012-2016,0
Gold Spangle,SD95,2012-2016,0
Scarce Silver Y,SD95,2012-2016,0
Golden-rod Brindle,SD95,2012-2016,0
Red Sword-grass,SD95,2012-2016,0
Gold Spangle,SD96,2012-2016,0
Red Sword-grass,SD96,2012-2016,0
Gold Spangle,SD97,2012-2016,0
Gold Spangle,SD98,2012-2016,0
Red Sword-grass,SD98,2012-2016,0
Gold Spangle,SE00,2012-2016,0
Scarce Silver Y,SE00,2012-2016,0
Golden-rod Brindle,SE00,1975-1991,0
Red Sword-grass,SE00,2012-2016,0
Gold Spangle,SE01,2012-2016,0
Gold Spangle,SE02,1975-1991,0
Gold Spangle,SE02,2012-2016,0
Scarce Silver Y,SE02,2012-2016,0
Red Sword-grass,SE02,2012-2016,0
Scarce Silver Y,SE04,2012-2016,0
Golden-rod Brindle,SE05,1975-1991,0
Gold Spangle,SE06,2012-2016,0
Scarce Silver Y,SE06,2012-2016,0
Golden-rod Brindle,SE06,2012-2016,0
Red Sword-grass,SE06,2012-2016,0
Red Sword-grass,SE08,2012-2016,0
Gold Spangle,SE09,1975-1991,0
Scarce Silver Y,SE09,2012-2016,0
Gold Spangle,SE10,1975-1991,0
Gold Spangle,SE11,1975-1991,0
Gold Spangle,SE11,2012-2016,0
Golden-rod Brindle,SE11,1975-1991,0
Angle-striped Sallow,SE11,1975-1991,0
Angle-striped Sallow,SE11,2012-2016,0
Gold Spangle,SE12,2012-2016,0
Angle-striped Sallow,SE12,2012-2016,0
Gold Spangle,SE13,1975-1991,0
Gold Spangle,SE13,2012-2016,0
Angle-striped Sallow,SE13,2012-2016,0
Gold Spangle,SE14,1975-1991,0
Gold Spangle,SE14,2012-2016,0
Scarce Silver Y,SE14,1975-1991,0
Scarce Silver Y,SE14,2012-2016,0
Golden-rod Brindle,SE14,1975-1991,0
Golden-rod Brindle,SE14,2012-2016,0
Red Sword-grass,SE14,2012-2016,0
Angle-striped Sallow,SE14,2012-2016,0
Gold Spangle,SE15,2012-2016,0
Scarce Silver Y,SE15,1975-1991,0
Angle-striped Sallow,SE15,2012-2016,0
Gold Spangle,SE16,1975-1991,0
Gold Spangle,SE16,2012-2016,0
Scarce Silver Y,SE16,1975-1991,0
Scarce Silver Y,SE16,2012-2016,0
Golden-rod Brindle,SE16,1975-1991,0
Golden-rod Brindle,SE16,2012-2016,0
Scarce Silver Y,SE17,1975-1991,0
Scarce Silver Y,SE17,2012-2016,0
Golden-rod Brindle,SE17,1975-1991,0
Gold Spangle,SE18,1975-1991,0
Gold Spangle,SE18,2012-2016,0
Scarce Silver Y,SE18,1975-1991,0
Scarce Silver Y,SE18,2012-2016,0
Red Sword-grass,SE18,2012-2016,0
Gold Spangle,SE19,2012-2016,0
Scarce Silver Y,SE19,2012-2016,0
Red Sword-grass,SE19,2012-2016,0
Gold Spangle,SE21,1975-1991,0
Gold Spangle,SE21,2012-2016,0
Gold Spangle,SE23,2012-2016,0
Angle-striped Sallow,SE23,2012-2016,0
Gold Spangle,SE24,2012-2016,0
Gold Spangle,SE25,1975-1991,0
Scarce Silver Y,SE25,1975-1991,0
Red Sword-grass,SE25,1975-1991,0
Great Brocade,SE25,1975-1991,1
Gold Spangle,SE26,1975-1991,0
Scarce Silver Y,SE26,1975-1991,0
Scarce Silver Y,SE26,2012-2016,0
Golden-rod Brindle,SE26,1975-1991,0
Angle-striped Sallow,SE26,1975-1991,0
Angle-striped Sallow,SE26,2012-2016,0
Gold Spangle,SE27,1975-1991,0
Gold Spangle,SE27,2012-2016,0
Scarce Silver Y,SE27,2012-2016,0
Red Sword-grass,SE27,2012-2016,0
Angle-striped Sallow,SE27,2012-2016,0
Angle-striped Sallow,SE30,1975-1991,0
Gold Spangle,SE31,2012-2016,0
Scarce Silver Y,SE31,2012-2016,0
Angle-striped Sallow,SE31,2012-2016,0
Gold Spangle,SE33,1975-1991,0
Gold Spangle,SE33,2012-2016,0
Golden-rod Brindle,SE33,1975-1991,0
Angle-striped Sallow,SE33,2012-2016,0
Gold Spangle,SE34,2012-2016,0
Angle-striped Sallow,SE34,2012-2016,0
Gold Spangle,SE35,1975-1991,0
Gold Spangle,SE35,2012-2016,0
Scarce Silver Y,SE35,1975-1991,0
Golden-rod Brindle,SE35,1975-1991,0
Sword-grass,SE35,1975-1991,0
Red Sword-grass,SE35,2012-2016,0
Angle-striped Sallow,SE35,2012-2016,0
Gold Spangle,SE36,1975-1991,0
Gold Spangle,SE36,2012-2016,0
Gold Spangle,SE37,1975-1991,0
Gold Spangle,SE37,2012-2016,0
Red Sword-grass,SE37,2012-2016,0
Angle-striped Sallow,SE37,2012-2016,0
Great Brocade,SE37,1975-1991,1
Gold Spangle,SE40,1975-1991,0
Gold Spangle,SE40,2012-2016,0
Golden-rod Brindle,SE40,1975-1991,0
Angle-striped Sallow,SE40,1975-1991,0
Angle-striped Sallow,SE40,2012-2016,0
Sword-grass,SE43,1975-1991,0
Red Sword-grass,SE43,2012-2016,0
Angle-striped Sallow,SE43,2012-2016,0
Gold Spangle,SE44,1975-1991,0
Angle-striped Sallow,SE44,1975-1991,0
Angle-striped Sallow,SE47,2012-2016,0
Scarce Silver Y,SE49,1975-1991,0
Gold Spangle,SE50,2012-2016,0
Angle-striped Sallow,SE50,2012-2016,0
Gold Spangle,SE51,1975-1991,0
Red Sword-grass,SE51,2012-2016,0
Angle-striped Sallow,SE51,1975-1991,0
Angle-striped Sallow,SE51,2012-2016,0
Angle-striped Sallow,SE53,2012-2016,0
Gold Spangle,SE54,2012-2016,0
Gold Spangle,SE57,1975-1991,0
Gold Spangle,SE57,2012-2016,0
Scarce Silver Y,SE57,1975-1991,0
Golden-rod Brindle,SE57,1975-1991,0
Red Sword-grass,SE57,1975-1991,0
Angle-striped Sallow,SE57,1975-1991,0
Great Brocade,SE57,1975-1991,1
Gold Spangle,SE58,2012-2016,0
Angle-striped Sallow,SE58,2012-2016,0
Angle-striped Sallow,SE60,2012-2016,0
Angle-striped Sallow,SE61,2012-2016,0
Angle-striped Sallow,SE62,1975-1991,0
Gold Spangle,SE64,2012-2016,0
Red Sword-grass,SE64,2012-2016,0
Gold Spangle,SE65,2012-2016,0
Scarce Silver Y,SE65,1975-1991,0
Golden-rod Brindle,SE65,1975-1991,0
Red Sword-grass,SE65,1975-1991,0
Red Sword-grass,SE65,2012-2016,0
Angle-striped Sallow,SE65,1975-1991,0
Angle-striped Sallow,SE65,2012-2016,0
Great Brocade,SE65,1975-1991,1
Great Brocade,SE65,2012-2016,1
Red Sword-grass,SE66,2012-2016,0
Angle-striped Sallow,SE66,2012-2016,0
Gold Spangle,SE68,1975-1991,0
Scarce Silver Y,SE68,1975-1991,0
Angle-striped Sallow,SE68,1975-1991,0
Angle-striped Sallow,SE70,2012-2016,0
Red Sword-grass,SE71,2012-2016,0
Angle-striped Sallow,SE71,2012-2016,0
Angle-striped Sallow,SE74,2012-2016,0
Angle-striped Sallow,SE75,1975-1991,0
Gold Spangle,SE78,1975-1991,0
Scarce Silver Y,SE79,1975-1991,0
Golden-rod Brindle,SE79,1975-1991,0
Red Sword-grass,SE79,1975-1991,0
Angle-striped Sallow,SE79,1975-1991,0
Angle-striped Sallow,SE81,2012-2016,0
Angle-striped Sallow,SE83,2012-2016,0
Gold Spangle,SE86,1975-1991,0
Gold Spangle,SE88,1975-1991,0
Gold Spangle,SE88,2012-2016,0
Scarce Silver Y,SE88,2012-2016,0
Golden-rod Brindle,SE88,1975-1991,0
Red Sword-grass,SE88,2012-2016,0
Angle-striped Sallow,SE88,1975-1991,0
Angle-striped Sallow,SE88,2012-2016,0
Great Brocade,SE88,1975-1991,1
Gold Spangle,SE89,2012-2016,0
Scarce Silver Y,SE89,1975-1991,0
Scarce Silver Y,SE89,2012-2016,0
Golden-rod Brindle,SE89,1975-1991,0
Angle-striped Sallow,SE89,2012-2016,0
Red Sword-grass,SE94,2012-2016,0
Great Brocade,SE94,1975-1991,1
Gold Spangle,SE98,1975-1991,0
Golden-rod Brindle,SE98,1975-1991,0
Angle-striped Sallow,SE98,1975-1991,0
Angle-striped Sallow,SE98,2012-2016,0
Great Brocade,SE98,1975-1991,1
Gold Spangle,SE99,1975-1991,0
Gold Spangle,SE99,2012-2016,0
Scarce Silver Y,SE99,1975-1991,0
Golden-rod Brindle,SE99,1975-1991,0
Red Sword-grass,SE99,2012-2016,0
Angle-striped Sallow,SE99,1975-1991,0
Angle-striped Sallow,SE99,2012-2016,0
Red Sword-grass,SH12,2012-2016,0
Red Sword-grass,SH27,2012-2016,0
Red Sword-grass,SH28,1975-1991,0
Red Sword-grass,SH32,2012-2016,0
Gold Spangle,SH33,2012-2016,0
Red Sword-grass,SH37,2012-2016,0
Gold Spangle,SH44,2012-2016,0
Red Sword-grass,SH44,2012-2016,0
Gold Spangle,SH45,2012-2016,0
Red Sword-grass,SH46,1975-1991,0
Red Sword-grass,SH46,2012-2016,0
Gold Spangle,SH47,1975-1991,0
Gold Spangle,SH47,2012-2016,0
Red Sword-grass,SH47,1975-1991,0
Red Sword-grass,SH47,2012-2016,0
Gold Spangle,SH48,1975-1991,0
Gold Spangle,SH48,2012-2016,0
Red Sword-grass,SH48,1975-1991,0
Red Sword-grass,SH48,2012-2016,0
Gold Spangle,SH49,2012-2016,0
Red Sword-grass,SH49,2012-2016,0
Gold Spangle,SH52,2012-2016,0
Scarce Silver Y,SH52,2012-2016,0
Golden-rod Brindle,SH52,1975-1991,0
Red Sword-grass,SH53,2012-2016,0
Gold Spangle,SH55,1975-1991,0
Scarce Silver Y,SH55,1975-1991,0
Sword-grass,SH55,1975-1991,0
Red Sword-grass,SH55,1975-1991,0
Gold Spangle,SH56,1975-1991,0
Scarce Silver Y,SH56,1975-1991,0
Gold Spangle,SH57,1975-1991,0
Gold Spangle,SH57,2012-2016,0
Red Sword-grass,SH57,1975-1991,0
Red Sword-grass,SH57,2012-2016,0
Gold Spangle,SH58,1975-1991,0
Gold Spangle,SH58,2012-2016,0
Red Sword-grass,SH58,1975-1991,0
Gold Spangle,SH61,1975-1991,0
Scarce Silver Y,SH61,1975-1991,0
Red Sword-grass,SH61,1975-1991,0
Red Sword-grass,SH61,2012-2016,0
Red Sword-grass,SH62,1975-1991,0
Gold Spangle,SH64,2012-2016,0
Red Sword-grass,SH64,1975-1991,0
Red Sword-grass,SH64,2012-2016,0
Gold Spangle,SH66,2012-2016,0
Red Sword-grass,SH66,2012-2016,0
Gold Spangle,SH67,1975-1991,0
Gold Spangle,SH70,1975-1991,0
Red Sword-grass,SH70,2012-2016,0
Scarce Silver Y,SH71,2012-2016,0
Gold Spangle,SH72,1975-1991,0
Scarce Silver Y,SH72,1975-1991,0
Gold Spangle,SH73,2012-2016,0
Scarce Silver Y,SH73,2012-2016,0
Red Sword-grass,SH73,2012-2016,0
Red Sword-grass,SH75,2012-2016,0
Scarce Silver Y,SH76,2012-2016,0
Red Sword-grass,SH77,2012-2016,0
Gold Spangle,SH80,2012-2016,0
Red Sword-grass,SH80,2012-2016,0
Gold Spangle,SH83,2012-2016,0
Scarce Silver Y,SH83,2012-2016,0
Red Sword-grass,SH83,2012-2016,0
Gold Spangle,SH87,1975-1991,0
Red Sword-grass,SH87,1975-1991,0
Gold Spangle,SH91,1975-1991,0
Scarce Silver Y,SH91,1975-1991,0
Golden-rod Brindle,SH91,1975-1991,0
Red Sword-grass,SH91,2012-2016,0
Scarce Silver Y,SH92,1975-1991,0
Scarce Silver Y,SH92,2012-2016,0
Golden-rod Brindle,SH92,2012-2016,0
Red Sword-grass,SH92,2012-2016,0
Gold Spangle,SH95,2012-2016,0
Gold Spangle,SH96,2012-2016,0
Gold Spangle,SJ01,1975-1991,0
Gold Spangle,SJ01,2012-2016,0
Scarce Silver Y,SJ02,2012-2016,0
Gold Spangle,SJ08,2012-2016,0
Red Sword-grass,SJ12,2012-2016,0
Golden-rod Brindle,SJ14,1975-1991,0
Red Sword-grass,SJ15,1975-1991,0
Great Brocade,SJ15,1975-1991,1
Red Sword-grass,SJ18,2012-2016,0
Gold Spangle,SJ21,2012-2016,0
Gold Spangle,SJ22,1975-1991,0
Gold Spangle,SJ22,2012-2016,0
Gold Spangle,SJ23,1975-1991,0
Golden-rod Brindle,SJ23,1975-1991,0
Red Sword-grass,SJ23,2012-2016,0
Gold Spangle,SJ24,2012-2016,0
Golden-rod Brindle,SJ24,1975-1991,0
Gold Spangle,SJ25,1975-1991,0
Golden-rod Brindle,SJ25,1975-1991,0
Red Sword-grass,SJ25,1975-1991,0
Gold Spangle,SJ26,1975-1991,0
Sword-grass,SJ27,1975-1991,0
Red Sword-grass,SJ27,1975-1991,0
Red Sword-grass,SJ28,2012-2016,0
Gold Spangle,SJ29,1975-1991,0
Red Sword-grass,SJ29,1975-1991,0
Gold Spangle,SJ30,2012-2016,0
Gold Spangle,SJ31,2012-2016,0
Gold Spangle,SJ34,1975-1991,0
Gold Spangle,SJ35,1975-1991,0
Golden-rod Brindle,SJ35,1975-1991,0
Red Sword-grass,SJ35,1975-1991,0
Red Sword-grass,SJ35,2012-2016,0
Great Brocade,SJ35,1975-1991,1
Gold Spangle,SJ37,1975-1991,0
Sword-grass,SJ37,1975-1991,0
Red Sword-grass,SJ37,1975-1991,0
Red Sword-grass,SJ37,2012-2016,0
Gold Spangle,SJ38,1975-1991,0
Gold Spangle,SJ38,2012-2016,0
Red Sword-grass,SJ38,1975-1991,0
Great Brocade,SJ40,1975-1991,1
Red Sword-grass,SJ43,2012-2016,0
Red Sword-grass,SJ44,1975-1991,0
Gold Spangle,SJ45,1975-1991,0
Red Sword-grass,SJ45,1975-1991,0
Gold Spangle,SJ47,1975-1991,0
Gold Spangle,SJ47,2012-2016,0
Gold Spangle,SJ48,1975-1991,0
Red Sword-grass,SJ48,2012-2016,0
Gold Spangle,SJ49,2012-2016,0
Red Sword-grass,SJ49,2012-2016,0
Gold Spangle,SJ55,2012-2016,0
Gold Spangle,SJ58,1975-1991,0
Gold Spangle,SJ58,2012-2016,0
Red Sword-grass,SJ58,2012-2016,0
Gold Spangle,SJ60,1975-1991,0
Red Sword-grass,SJ60,1975-1991,0
Angle-striped Sallow,SJ60,2012-2016,0
Sword-grass,SJ61,1975-1991,0
Angle-striped Sallow,SJ61,1975-1991,0
Gold Spangle,SJ64,1975-1991,0
Gold Spangle,SJ64,2012-2016,0
Red Sword-grass,SJ64,1975-1991,0
Red Sword-grass,SJ65,1975-1991,0
Gold Spangle,SJ67,2012-2016,0
Red Sword-grass,SJ68,2012-2016,0
Red Sword-grass,SJ69,2012-2016,0
Angle-striped Sallow,SJ71,2012-2016,0
Golden-rod Brindle,SJ73,1975-1991,0
Red Sword-grass,SJ73,1975-1991,0
Angle-striped Sallow,SJ73,1975-1991,0
Gold Spangle,SJ74,1975-1991,0
Golden-rod Brindle,SJ74,1975-1991,0
Red Sword-grass,SJ74,1975-1991,0
Great Brocade,SJ74,1975-1991,1
Red Sword-grass,SJ75,1975-1991,0
Gold Spangle,SJ77,1975-1991,0
Gold Spangle,SJ78,1975-1991,0
Red Sword-grass,SJ78,2012-2016,0
Red Sword-grass,SJ79,2012-2016,0
Angle-striped Sallow,SJ80,1975-1991,0
Golden-rod Brindle,SJ81,1975-1991,0
Gold Spangle,SJ82,1975-1991,0
Gold Spangle,SJ82,2012-2016,0
Sword-grass,SJ82,1975-1991,0
Red Sword-grass,SJ82,2012-2016,0
Great Brocade,SJ82,1975-1991,1
Gold Spangle,SJ84,1975-1991,0
Gold Spangle,SJ84,2012-2016,0
Golden-rod Brindle,SJ84,1975-1991,0
Red Sword-grass,SJ84,2012-2016,0
Gold Spangle,SJ85,2012-2016,0
Red Sword-grass,SJ85,2012-2016,0
Gold Spangle,SJ86,1975-1991,0
Gold Spangle,SJ87,1975-1991,0
Gold Spangle,SJ87,2012-2016,0
Golden-rod Brindle,SJ87,1975-1991,0
Angle-striped Sallow,SJ87,1975-1991,0
Gold Spangle,SJ88,1975-1991,0
Gold Spangle,SJ88,2012-2016,0
Gold Spangle,SJ89,1975-1991,0
Gold Spangle,SJ90,2012-2016,0
Golden-rod Brindle,SJ91,1975-1991,0
Angle-striped Sallow,SJ91,1975-1991,0
Angle-striped Sallow,SJ91,2012-2016,0
Great Brocade,SJ91,1975-1991,1
Scarce Silver Y,SJ92,2012-2016,0
Angle-striped Sallow,SJ92,2012-2016,0
Gold Spangle,SJ93,1975-1991,0
Golden-rod Brindle,SJ93,1975-1991,0
Gold Spangle,SJ94,1975-1991,0
Gold Spangle,SJ94,2012-2016,0
Sword-grass,SJ94,1975-1991,0
Gold Spangle,SJ95,1975-1991,0
Gold Spangle,SJ96,2012-2016,0
Golden-rod Brindle,SJ96,1975-1991,0
Gold Spangle,SJ97,1975-1991,0
Gold Spangle,SJ97,2012-2016,0
Scarce Silver Y,SJ97,2012-2016,0
Golden-rod Brindle,SJ97,2012-2016,0
Red Sword-grass,SJ97,2012-2016,0
Gold Spangle,SJ98,1975-1991,0
Gold Spangle,SJ98,2012-2016,0
Golden-rod Brindle,SJ98,1975-1991,0
Golden-rod Brindle,SJ98,2012-2016,0
Red Sword-grass,SJ98,2012-2016,0
Gold Spangle,SJ99,1975-1991,0
Gold Spangle,SJ99,2012-2016,0
Scarce Silver Y,SJ99,2012-2016,0
Red Sword-grass,SJ99,2012-2016,0
Angle-striped Sallow,SK01,2012-2016,0
Angle-striped Sallow,SK04,1975-1991,0
Gold Spangle,SK05,1975-1991,0
Gold Spangle,SK05,2012-2016,0
Golden-rod Brindle,SK05,1975-1991,0
Golden-rod Brindle,SK05,2012-2016,0
Gold Spangle,SK06,2012-2016,0
Golden-rod Brindle,SK06,1975-1991,0
Golden-rod Brindle,SK06,2012-2016,0
Red Sword-grass,SK06,2012-2016,0
Gold Spangle,SK07,1975-1991,0
Gold Spangle,SK07,2012-2016,0
Golden-rod Brindle,SK07,1975-1991,0
Gold Spangle,SK08,1975-1991,0
Gold Spangle,SK08,2012-2016,0
Scarce Silver Y,SK08,1975-1991,0
Red Sword-grass,SK08,2012-2016,0
Scarce Silver Y,SK09,2012-2016,0
Gold Spangle,SK15,1975-1991,0
Gold Spangle,SK15,2012-2016,0
Gold Spangle,SK16,1975-1991,0
Gold Spangle,SK16,2012-2016,0
Red Sword-grass,SK16,2012-2016,0
Gold Spangle,SK17,2012-2016,0
Scarce Silver Y,SK19,2012-2016,0
Angle-striped Sallow,SK20,2012-2016,0
Gold Spangle,SK23,1975-1991,0
Gold Spangle,SK26,1975-1991,0
Gold Spangle,SK26,2012-2016,0
Scarce Silver Y,SK26,1975-1991,0
Scarce Silver Y,SK26,2012-2016,0
Golden-rod Brindle,SK26,1975-1991,0
Angle-striped Sallow,SK26,2012-2016,0
Gold Spangle,SK27,1975-1991,0
Gold Spangle,SK27,2012-2016,0
Red Sword-grass,SK27,2012-2016,0
Angle-striped Sallow,SK27,2012-2016,0
Scarce Silver Y,SK28,1975-1991,0
Golden-rod Brindle,SK28,1975-1991,0
Angle-striped Sallow,SK31,2012-2016,0
Gold Spangle,SK32,1975-1991,0
Angle-striped Sallow,SK32,1975-1991,0
Angle-striped Sallow,SK32,2012-2016,0
Great Brocade,SK32,2012-2016,1
Gold Spangle,SK33,2012-2016,0
Great Brocade,SK33,2012-2016,1
Gold Spangle,SK36,1975-1991,0
Gold Spangle,SK36,2012-2016,0
Scarce Silver Y,SK36,1975-1991,0
Golden-rod Brindle,SK36,1975-1991,0
Red Sword-grass,SK36,2012-2016,0
Angle-striped Sallow,SK36,2012-2016,0
Gold Spangle,SK37,1975-1991,0
Red Sword-grass,SK37,1975-1991,0
Gold Spangle,SK38,1975-1991,0
Gold Spangle,SK38,2012-2016,0
Scarce Silver Y,SK38,2012-2016,0
Angle-striped Sallow,SK38,1975-1991,0
Angle-striped Sallow,SK38,2012-2016,0
Scarce Silver Y,SK39,1975-1991,0
Angle-striped Sallow,SK39,1975-1991,0
Angle-striped Sallow,SK39,2012-2016,0
Great Brocade,SK39,1975-1991,1
Golden-rod Brindle,SK41,1975-1991,1
Angle-striped Sallow,SK41,2012-2016,0
Angle-striped Sallow,SK42,2012-2016,0
Angle-striped Sallow,SK43,2012-2016,0
Gold Spangle,SK44,1975-1991,0
Red Sword-grass,SK44,1975-1991,0
Gold Spangle,SK45,1975-1991,0
Gold Spangle,SK46,2012-2016,0
Red Sword-grass,SK46,2012-2016,0
Angle-striped Sallow,SK46,1975-1991,0
Angle-striped Sallow,SK46,2012-2016,0
Angle-striped Sallow,SK49,1975-1991,0
Angle-striped Sallow,SK49,2012-2016,0
Gold Spangle,SK50,1975-1991,0
Gold Spangle,SK50,2012-2016,0
Angle-striped Sallow,SK50,2012-2016,0
Gold Spangle,SK51,1975-1991,0
Angle-striped Sallow,SK51,1975-1991,0
Angle-striped Sallow,SK51,2012-2016,0
Great Brocade,SK51,1975-1991,1
Angle-striped Sallow,SK54,2012-2016,0
Gold Spangle,SK55,2012-2016,0
Angle-striped Sallow,SK55,2012-2016,0
Angle-striped Sallow,SK56,2012-2016,0
Gold Spangle,SK57,1975-1991,0
Angle-striped Sallow,SK59,1975-1991,0
Angle-striped Sallow,SK59,2012-2016,0
Gold Spangle,SK60,1975-1991,0
Angle-striped Sallow,SK60,2012-2016,0
Angle-striped Sallow,SK61,2012-2016,0
Gold Spangle,SK63,2012-2016,0
Angle-striped Sallow,SK63,2012-2016,0
Angle-striped Sallow,SK66,1975-1991,0
Angle-striped Sallow,SK66,2012-2016,0
Angle-striped Sallow,SK67,2012-2016,0
Gold Spangle,SK68,2012-2016,0
Angle-striped Sallow,SK68,2012-2016,0
Angle-striped Sallow,SK69,1975-1991,0
Angle-striped Sallow,SK69,2012-2016,0
Great Brocade,SK69,1975-1991,1
Red Sword-grass,SK77,2012-2016,0
Angle-striped Sallow,SK77,2012-2016,0
Angle-striped Sallow,SK78,2012-2016,0
Angle-striped Sallow,SK79,2012-2016,0
Angle-striped Sallow,SK85,2012-2016,0
Angle-striped Sallow,SK86,2012-2016,0
Great Brocade,SK94,1975-1991,1
Gold Spangle,SM70,2012-2016,0
Red Sword-grass,SM70,2012-2016,0
Gold Spangle,SM72,1975-1991,0
Red Sword-grass,SM80,1975-1991,0
Red Sword-grass,SM80,2012-2016,0
Red Sword-grass,SM82,2012-2016,0
Red Sword-grass,SM92,2012-2016,0
Gold Spangle,SM93,1975-1991,0
Red Sword-grass,SM93,1975-1991,0
Red Sword-grass,SN00,1975-1991,0
Gold Spangle,SN02,1975-1991,0
Gold Spangle,SN03,1975-1991,0
Gold Spangle,SN03,2012-2016,0
Red Sword-grass,SN03,2012-2016,0
Gold Spangle,SN13,2012-2016,0
Red Sword-grass,SN13,1975-1991,0
Red Sword-grass,SN13,2012-2016,0
Gold Spangle,SN14,2012-2016,0
Red Sword-grass,SN14,2012-2016,0
Gold Spangle,SN24,1975-1991,0
Red Sword-grass,SN24,1975-1991,0
Gold Spangle,SN25,1975-1991,0
Gold Spangle,SN33,1975-1991,0
Gold Spangle,SN33,2012-2016,0
Gold Spangle,SN34,1975-1991,0
Red Sword-grass,SN34,1975-1991,0
Red Sword-grass,SN35,2012-2016,0
Gold Spangle,SN40,1975-1991,0
Gold Spangle,SN40,2012-2016,0
Red Sword-grass,SN40,1975-1991,0
Red Sword-grass,SN40,2012-2016,0
Red Sword-grass,SN41,1975-1991,0
Gold Spangle,SN43,2012-2016,0
Red Sword-grass,SN43,2012-2016,0
Gold Spangle,SN44,1975-1991,0
Red Sword-grass,SN44,1975-1991,0
Red Sword-grass,SN45,1975-1991,0
Gold Spangle,SN50,2012-2016,0
Gold Spangle,SN51,1975-1991,0
Gold Spangle,SN51,2012-2016,0
Gold Spangle,SN52,1975-1991,0
Gold Spangle,SN53,2012-2016,0
Red Sword-grass,SN53,2012-2016,0
Gold Spangle,SN56,2012-2016,0
Gold Spangle,SN57,1975-1991,0
Gold Spangle,SN58,2012-2016,0
Red Sword-grass,SN58,2012-2016,0
Gold Spangle,SN62,2012-2016,0
Red Sword-grass,SN62,2012-2016,0
Gold Spangle,SN63,2012-2016,0
Red Sword-grass,SN64,2012-2016,0
Gold Spangle,SN65,1975-1991,0
Gold Spangle,SN65,2012-2016,0
Gold Spangle,SN66,1975-1991,0
Gold Spangle,SN66,2012-2016,0
Scarce Silver Y,SN66,1975-1991,0
Golden-rod Brindle,SN66,1975-1991,0
Red Sword-grass,SN66,1975-1991,0
Red Sword-grass,SN66,2012-2016,0
Red Sword-grass,SN67,1975-1991,0
Gold Spangle,SN68,1975-1991,0
Gold Spangle,SN68,2012-2016,0
Scarce Silver Y,SN68,1975-1991,0
Scarce Silver Y,SN68,2012-2016,0
Red Sword-grass,SN68,1975-1991,0
Red Sword-grass,SN68,2012-2016,0
Gold Spangle,SN69,1975-1991,0
Gold Spangle,SN69,2012-2016,0
Scarce Silver Y,SN69,1975-1991,0
Golden-rod Brindle,SN69,1975-1991,0
Red Sword-grass,SN69,1975-1991,0
Red Sword-grass,SN69,2012-2016,0
Red Sword-grass,SN72,2012-2016,0
Red Sword-grass,SN73,2012-2016,0
Gold Spangle,SN74,1975-1991,0
Gold Spangle,SN74,2012-2016,0
Scarce Silver Y,SN74,1975-1991,0
Scarce Silver Y,SN74,2012-2016,0
Golden-rod Brindle,SN74,1975-1991,0
Red Sword-grass,SN74,1975-1991,0
Red Sword-grass,SN74,2012-2016,0
Gold Spangle,SN76,1975-1991,0
Golden-rod Brindle,SN76,1975-1991,0
Red Sword-grass,SN76,1975-1991,0
Red Sword-grass,SN76,2012-2016,0
Gold Spangle,SN77,2012-2016,0
Scarce Silver Y,SN77,2012-2016,0
Red Sword-grass,SN77,1975-1991,0
Red Sword-grass,SN77,2012-2016,0
Red Sword-grass,SN79,2012-2016,0
Gold Spangle,SN80,2012-2016,0
Red Sword-grass,SN80,2012-2016,0
Gold Spangle,SN83,2012-2016,0
Red Sword-grass,SN83,2012-2016,0
Red Sword-grass,SN85,2012-2016,0
Red Sword-grass,SN86,2012-2016,0
Golden-rod Brindle,SN88,1975-1991,0
Red Sword-grass,SN88,2012-2016,0
Gold Spangle,SN89,2012-2016,0
Scarce Silver Y,SN89,1975-1991,0
Scarce Silver Y,SN89,2012-2016,0
Golden-rod Brindle,SN89,1975-1991,0
Red Sword-grass,SN89,1975-1991,0
Red Sword-grass,SN89,2012-2016,0
Gold Spangle,SN90,1975-1991,0
Scarce Silver Y,SN90,2012-2016,0
Red Sword-grass,SN90,1975-1991,0
Red Sword-grass,SN91,2012-2016,0
Gold Spangle,SN92,1975-1991,0
Red Sword-grass,SN92,2012-2016,0
Gold Spangle,SN95,1975-1991,0
Golden-rod Brindle,SN95,1975-1991,0
Red Sword-grass,SN95,1975-1991,0
Red Sword-grass,SN95,2012-2016,0
Angle-striped Sallow,SN95,1975-1991,0
Gold Spangle,SN96,1975-1991,0
Gold Spangle,SN96,2012-2016,0
Scarce Silver Y,SN96,1975-1991,0
Scarce Silver Y,SN96,2012-2016,0
Golden-rod Brindle,SN96,1975-1991,0
Golden-rod Brindle,SN96,2012-2016,0
Red Sword-grass,SN96,1975-1991,0
Red Sword-grass,SN96,2012-2016,0
Gold Spangle,SN97,2012-2016,0
Red Sword-grass,SN97,2012-2016,0
Gold Spangle,SN98,2012-2016,0
Red Sword-grass,SN98,1975-1991,0
Red Sword-grass,SN98,2012-2016,0
Scarce Silver Y,SN99,2012-2016,0
Gold Spangle,SO00,2012-2016,0
Scarce Silver Y,SO00,2012-2016,0
Sword-grass,SO00,1975-1991,0
Gold Spangle,SO01,2012-2016,0
Red Sword-grass,SO02,1975-1991,0
Red Sword-grass,SO02,2012-2016,0
Gold Spangle,SO03,2012-2016,0
Red Sword-grass,SO03,2012-2016,0
Red Sword-grass,SO04,2012-2016,0
Gold Spangle,SO05,2012-2016,0
Red Sword-grass,SO05,1975-1991,0
Red Sword-grass,SO05,2012-2016,0
Golden-rod Brindle,SO06,1975-1991,0
Gold Spangle,SO07,2012-2016,0
Gold Spangle,SO08,1975-1991,0
Gold Spangle,SO09,1975-1991,0
Gold Spangle,SO09,2012-2016,0
Red Sword-grass,SO09,1975-1991,0
Red Sword-grass,SO09,2012-2016,0
Gold Spangle,SO10,2012-2016,0
Scarce Silver Y,SO10,1975-1991,0
Scarce Silver Y,SO10,2012-2016,0
Gold Spangle,SO11,2012-2016,0
Scarce Silver Y,SO11,1975-1991,0
Scarce Silver Y,SO11,2012-2016,0
Red Sword-grass,SO11,2012-2016,0
Gold Spangle,SO12,2012-2016,0
Scarce Silver Y,SO12,1975-1991,0
Red Sword-grass,SO12,2012-2016,0
Gold Spangle,SO13,2012-2016,0
Red Sword-grass,SO13,2012-2016,0
Red Sword-grass,SO14,2012-2016,0
Gold Spangle,SO15,1975-1991,0
Gold Spangle,SO16,2012-2016,0
Golden-rod Brindle,SO16,1975-1991,0
Red Sword-grass,SO16,2012-2016,0
Red Sword-grass,SO17,2012-2016,0
Gold Spangle,SO19,2012-2016,0
Red Sword-grass,SO19,2012-2016,0
Gold Spangle,SO20,1975-1991,0
Scarce Silver Y,SO20,1975-1991,0
Scarce Silver Y,SO20,2012-2016,0
Great Brocade,SO20,1975-1991,1
Scarce Silver Y,SO21,1975-1991,0
Red Sword-grass,SO21,2012-2016,0
Golden-rod Brindle,SO22,2012-2016,0
Scarce Silver Y,SO23,2012-2016,0
Scarce Silver Y,SO25,2012-2016,0
Red Sword-grass,SO25,2012-2016,0
Scarce Silver Y,SO26,2012-2016,0
Golden-rod Brindle,SO26,2012-2016,0
Red Sword-grass,SO29,2012-2016,0
Gold Spangle,SO30,1975-1991,0
Red Sword-grass,SO30,1975-1991,0
Great Brocade,SO30,1975-1991,1
Gold Spangle,SO32,2012-2016,0
Scarce Silver Y,SO32,2012-2016,0
Gold Spangle,SO34,1975-1991,0
Red Sword-grass,SO34,1975-1991,0
Red Sword-grass,SO34,2012-2016,0
Great Brocade,SO34,1975-1991,1
Angle-striped Sallow,SO37,1975-1991,0
Angle-striped Sallow,SO44,1975-1991,0
Sword-grass,SO47,1975-1991,0
Red Sword-grass,SO50,2012-2016,0
Gold Spangle,SO52,1975-1991,0
Gold Spangle,SO53,1975-1991,0
Red Sword-grass,SO53,1975-1991,0
Red Sword-grass,SO54,2012-2016,0
Red Sword-grass,SO55,2012-2016,0
Angle-striped Sallow,SO55,2012-2016,0
Red Sword-grass,SO61,2012-2016,0
Gold Spangle,SO62,1975-1991,0
Gold Spangle,SO65,2012-2016,0
Red Sword-grass,SO66,2012-2016,0
Angle-striped Sallow,SO67,2012-2016,0
Red Sword-grass,SO72,2012-2016,0
Gold Spangle,SO73,1975-1991,0
Sword-grass,SO73,1975-1991,0
Red Sword-grass,SO73,2012-2016,0
Red Sword-grass,SO75,2012-2016,0
Angle-striped Sallow,SO75,2012-2016,0
Gold Spangle,SO77,1975-1991,0
Angle-striped Sallow,SO77,1975-1991,0
Angle-striped Sallow,SO77,2012-2016,0
Angle-striped Sallow,SO78,2012-2016,0
Gold Spangle,SO80,1975-1991,0
Gold Spangle,SO80,2012-2016,0
Red Sword-grass,SO82,2012-2016,0
Angle-striped Sallow,SO86,2012-2016,0
Angle-striped Sallow,SO87,2012-2016,0
Angle-striped Sallow,SO88,1975-1991,0
Angle-striped Sallow,SO88,2012-2016,0
Red Sword-grass,SO89,1975-1991,0
Angle-striped Sallow,SO89,1975-1991,0
Angle-striped Sallow,SO89,2012-2016,0
Angle-striped Sallow,SO96,2012-2016,0
Gold Spangle,SO97,1975-1991,0
Angle-striped Sallow,SO97,1975-1991,0
Angle-striped Sallow,SO97,2012-2016,0
Great Brocade,SO97,1975-1991,1
Angle-striped Sallow,SO98,2012-2016,0
Gold Spangle,SO99,1975-1991,0
Angle-striped Sallow,SP05,1975-1991,0
Angle-striped Sallow,SP06,2012-2016,0
Angle-striped Sallow,SP08,1975-1991,0
Angle-striped Sallow,SP15,1975-1991,0
Great Brocade,SP18,2012-2016,1
Red Sword-grass,SP19,2012-2016,0
Angle-striped Sallow,SP19,2012-2016,0
Gold Spangle,SP25,1975-1991,0
Red Sword-grass,SP25,1975-1991,0
Great Brocade,SP25,1975-1991,1
Gold Spangle,SP26,1975-1991,0
Gold Spangle,SP27,1975-1991,0
Angle-striped Sallow,SP29,2012-2016,0
Great Brocade,SP31,1975-1991,1
Red Sword-grass,SP37,2012-2016,0
Great Brocade,SP38,1975-1991,1
Golden-rod Brindle,SP40,1975-1991,1
Gold Spangle,SP48,1975-1991,0
Gold Spangle,SP49,1975-1991,0
Angle-striped Sallow,SP49,2012-2016,0
Gold Spangle,SP57,1975-1991,0
Golden-rod Brindle,SP57,1975-1991,1
Gold Spangle,SP59,1975-1991,0
Gold Spangle,SP61,1975-1991,1
Red Sword-grass,SP74,2012-2016,1
Gold Spangle,SP76,1975-1991,0
Red Sword-grass,SP77,1975-1991,1
Gold Spangle,SP86,1975-1991,0
Red Sword-grass,SP86,1975-1991,1
Great Brocade,SP86,2012-2016,1
Great Brocade,SP87,1975-1991,1
Great Brocade,SP95,1975-1991,1
Gold Spangle,SP96,1975-1991,0
Gold Spangle,SR99,1975-1991,0
Red Sword-grass,SS40,1975-1991,0
Red Sword-grass,SS50,1975-1991,0
Red Sword-grass,SS52,2012-2016,0
Red Sword-grass,SS58,1975-1991,0
Gold Spangle,SS59,1975-1991,0
Sword-grass,SS78,1975-1991,0
Angle-striped Sallow,SS84,1975-1991,1
Gold Spangle,SS88,1975-1991,0
Sword-grass,SS88,1975-1991,0
Red Sword-grass,SS88,1975-1991,0
Scarce Silver Y,SS89,2012-2016,0
Red Sword-grass,SS89,2012-2016,0
Red Sword-grass,SS90,2012-2016,0
Red Sword-grass,SS94,2012-2016,0
Red Sword-grass,ST01,2012-2016,0
Red Sword-grass,ST07,2012-2016,0
Red Sword-grass,ST12,2012-2016,0
Angle-striped Sallow,ST13,1975-1991,1
Sword-grass,ST20,2012-2016,1
Red Sword-grass,ST20,1975-1991,0
Red Sword-grass,ST21,1975-1991,0
Red Sword-grass,ST22,2012-2016,0
Gold Spangle,ST28,2012-2016,0
Red Sword-grass,ST28,2012-2016,0
Red Sword-grass,ST29,2012-2016,0
Red Sword-grass,ST33,2012-2016,0
Red Sword-grass,ST35,1975-1991,0
Red Sword-grass,ST36,2012-2016,0
Angle-striped Sallow,ST36,2012-2016,1
Red Sword-grass,ST38,2012-2016,0
Red Sword-grass,ST39,2012-2016,0
Sword-grass,ST41,1975-1991,0
Red Sword-grass,ST41,2012-2016,0
Red Sword-grass,ST42,2012-2016,0
Red Sword-grass,ST43,1975-1991,0
Red Sword-grass,ST47,2012-2016,0
Sword-grass,ST51,1975-1991,0
Red Sword-grass,ST53,1975-1991,0
Red Sword-grass,ST53,2012-2016,0
Red Sword-grass,ST60,2012-2016,0
Red Sword-grass,ST61,2012-2016,0
Red Sword-grass,ST75,2012-2016,0
Red Sword-grass,ST78,2012-2016,0
Red Sword-grass,ST80,2012-2016,0
Red Sword-grass,ST89,1975-1991,0
Great Brocade,ST89,1975-1991,1
Red Sword-grass,ST97,2012-2016,0
Red Sword-grass,SU01,2012-2016,0
Rannoch Looper,SU10,1975-1991,1
Red Sword-grass,SU10,1975-1991,0
Red Sword-grass,SU10,2012-2016,0
Red Sword-grass,SU17,2012-2016,0
Red Sword-grass,SU20,1975-1991,0
Red Sword-grass,SU20,2012-2016,0
Red Sword-grass,SU21,2012-2016,0
Red Sword-grass,SU22,2012-2016,0
Angle-striped Sallow,SU22,2012-2016,1
Great Brocade,SU24,1975-1991,1
Sword-grass,SU29,1975-1991,0
Red Sword-grass,SU30,1975-1991,0
Red Sword-grass,SU30,2012-2016,0
Great Brocade,SU31,1975-1991,1
Red Sword-grass,SU33,2012-2016,0
Gold Spangle,SU39,1975-1991,1
Angle-striped Sallow,SU39,1975-1991,1
Red Sword-grass,SU43,1975-1991,0
Angle-striped Sallow,SU43,1975-1991,1
Great Brocade,SU43,1975-1991,1
Angle-striped Sallow,SU49,1975-1991,1
Red Sword-grass,SU50,2012-2016,0
Red Sword-grass,SU51,2012-2016,0
Sword-grass,SU58,1975-1991,0
Gold Spangle,SU67,1975-1991,1
Red Sword-grass,SU74,2012-2016,0
Great Brocade,SU79,1975-1991,1
Red Sword-grass,SU82,2012-2016,0
Angle-striped Sallow,SU83,1975-1991,1
Red Sword-grass,SU84,1975-1991,0
Great Brocade,SU88,1975-1991,1
Red Sword-grass,SU91,2012-2016,0
Red Sword-grass,SV91,2012-2016,0
Red Sword-grass,SW64,1975-1991,0
Red Sword-grass,SW71,2012-2016,0
Sword-grass,SX05,1975-1991,0
Red Sword-grass,SX08,2012-2016,0
Red Sword-grass,SX16,2012-2016,0
Red Sword-grass,SX25,2012-2016,0
Red Sword-grass,SX35,2012-2016,0
Red Sword-grass,SX37,2012-2016,0
Red Sword-grass,SX44,2012-2016,0
Red Sword-grass,SX46,2012-2016,0
Red Sword-grass,SX47,2012-2016,0
Red Sword-grass,SX57,2012-2016,0
Red Sword-grass,SX65,2012-2016,0
Red Sword-grass,SX67,2012-2016,0
Red Sword-grass,SX69,2012-2016,0
Red Sword-grass,SX75,2012-2016,0
Red Sword-grass,SX76,2012-2016,0
Red Sword-grass,SX77,1975-1991,0
Red Sword-grass,SX78,2012-2016,0
Red Sword-grass,SX86,2012-2016,0
Red Sword-grass,SX87,2012-2016,0
Red Sword-grass,SY08,2012-2016,0
Red Sword-grass,SY49,2012-2016,0
Red Sword-grass,SY66,2012-2016,0
Angle-striped Sallow,SY66,1975-1991,1
Red Sword-grass,SY68,2012-2016,0
Red Sword-grass,SY79,2012-2016,0
Red Sword-grass,SY88,2012-2016,0
Red Sword-grass,SY89,2012-2016,0
Red Sword-grass,SY98,1975-1991,0
Red Sword-grass,SY98,2012-2016,0
Angle-striped Sallow,SY98,1975-1991,1
Sword-grass,SZ07,1975-1991,0
Red Sword-grass,SZ07,1975-1991,0
Red Sword-grass,SZ07,2012-2016,0
Red Sword-grass,SZ08,1975-1991,0
Red Sword-grass,SZ08,2012-2016,0
Red Sword-grass,SZ09,1975-1991,0
Red Sword-grass,SZ09,2012-2016,0
Red Sword-grass,SZ19,2012-2016,0
Gold Spangle,SZ38,2012-2016,1
Scarce Silver Y,SZ38,2012-2016,1
Sword-grass,SZ38,1975-1991,0
Red Sword-grass,SZ38,2012-2016,0
Red Sword-grass,SZ39,2012-2016,0
Red Sword-grass,SZ89,2012-2016,0
Angle-striped Sallow,TA02,2012-2016,0
Gold Spangle,TA06,1975-1991,0
Gold Spangle,TA06,2012-2016,0
Golden-rod Brindle,TA06,1975-1991,0
Red Sword-grass,TA06,1975-1991,0
Great Brocade,TA06,1975-1991,1
Gold Spangle,TA07,1975-1991,0
Gold Spangle,TA07,2012-2016,0
Sword-grass,TA07,1975-1991,0
Red Sword-grass,TA07,1975-1991,0
Red Sword-grass,TA07,2012-2016,0
Gold Spangle,TA08,1975-1991,0
Gold Spangle,TA08,2012-2016,0
Sword-grass,TA14,1975-1991,0
Angle-striped Sallow,TA14,2012-2016,0
Gold Spangle,TA16,2012-2016,0
Angle-striped Sallow,TA16,2012-2016,0
Red Sword-grass,TA17,2012-2016,0
Gold Spangle,TA23,1975-1991,0
Gold Spangle,TA26,1975-1991,0
Gold Spangle,TA27,2012-2016,0
Great Brocade,TA27,2012-2016,1
Red Sword-grass,TA31,2012-2016,0
Great Brocade,TA31,2012-2016,1
Gold Spangle,TA41,1975-1991,0
Scarce Silver Y,TA41,2012-2016,1
Red Sword-grass,TA41,1975-1991,0
Great Brocade,TA41,1975-1991,1
Great Brocade,TA41,2012-2016,1
Gold Spangle,TF00,1975-1991,0
Angle-striped Sallow,TF00,1975-1991,0
Great Brocade,TF02,2012-2016,1
Gold Spangle,TF10,2012-2016,0
Angle-striped Sallow,TF18,2012-2016,0
Angle-striped Sallow,TF47,2012-2016,0
Gold Spangle,TF55,2012-2016,1
Great Brocade,TF55,1975-1991,1
Gold Spangle,TF56,2012-2016,1
Great Brocade,TF62,2012-2016,1
Scarce Silver Y,TF63,2012-2016,1
Angle-striped Sallow,TF63,2012-2016,1
Great Brocade,TF63,2012-2016,1
Gold Spangle,TF64,2012-2016,1
Great Brocade,TF70,1975-1991,1
Golden-rod Brindle,TF74,1975-1991,1
Great Brocade,TF74,1975-1991,1
Great Brocade,TF74,2012-2016,1
Great Brocade,TG01,2012-2016,1
Gold Spangle,TG04,1975-1991,1
Scarce Silver Y,TG04,2012-2016,1
Great Brocade,TG04,1975-1991,1
Great Brocade,TG04,2012-2016,1
Great Brocade,TG11,1975-1991,1
Scarce Silver Y,TG13,2012-2016,1
Great Brocade,TG13,1975-1991,1
Great Brocade,TG13,2012-2016,1
Great Brocade,TG14,2012-2016,1
Great Brocade,TG20,1975-1991,1
Great Brocade,TG21,1975-1991,1
Great Brocade,TG22,1975-1991,1
Great Brocade,TG23,2012-2016,1
Gold Spangle,TG24,2012-2016,1
Great Brocade,TG30,2012-2016,1
Scarce Silver Y,TG31,1975-1991,1
Great Brocade,TG31,2012-2016,1
Great Brocade,TG32,1975-1991,1
Red Sword-grass,TG33,2012-2016,1
Great Brocade,TG33,2012-2016,1
Great Brocade,TG41,1975-1991,1
Gold Spangle,TG42,1975-1991,1
Gold Spangle,TG42,2012-2016,1
Scarce Silver Y,TG42,1975-1991,1
Scarce Silver Y,TG42,2012-2016,1
Golden-rod Brindle,TG42,1975-1991,1
Red Sword-grass,TG42,2012-2016,1
Great Brocade,TG42,1975-1991,1
Great Brocade,TG42,2012-2016,1
Sword-grass,TL03,1975-1991,0
Great Brocade,TL05,1975-1991,1
Gold Spangle,TL09,2012-2016,0
Red Sword-grass,TL09,2012-2016,1
Angle-striped Sallow,TL09,1975-1991,0
Great Brocade,TL11,1975-1991,1
Scarce Silver Y,TL24,2012-2016,1
Great Brocade,TL25,1975-1991,1
Great Brocade,TL27,1975-1991,1
Great Brocade,TL27,2012-2016,1
Scarce Silver Y,TL28,2012-2016,1
Angle-striped Sallow,TL30,1975-1991,1
Great Brocade,TL38,1975-1991,1
Gold Spangle,TL41,1975-1991,1
Great Brocade,TL41,1975-1991,1
Scarce Silver Y,TL46,2012-2016,1
Scarce Silver Y,TL54,1975-1991,1
Great Brocade,TL54,1975-1991,1
Great Brocade,TL55,2012-2016,1
Great Brocade,TL60,1975-1991,1
Gold Spangle,TL79,1975-1991,1
Red Sword-grass,TL90,1975-1991,1
Great Brocade,TL90,1975-1991,1
Red Sword-grass,TM11,1975-1991,1
Great Brocade,TM11,1975-1991,1
Great Brocade,TM12,1975-1991,1
Great Brocade,TM23,1975-1991,1
Great Brocade,TM23,2012-2016,1
Scarce Silver Y,TM33,2012-2016,1
Great Brocade,TM34,2012-2016,1
Red Sword-grass,TQ01,2012-2016,1
Red Sword-grass,TQ02,2012-2016,1
Scarce Silver Y,TQ04,1975-1991,1
Red Sword-grass,TQ05,1975-1991,1
Red Sword-grass,TQ09,2012-2016,1
Scarce Silver Y,TQ10,2012-2016,1
Sword-grass,TQ22,1975-1991,0
Great Brocade,TQ25,1975-1991,1
Red Sword-grass,TQ30,2012-2016,1
Red Sword-grass,TQ32,2012-2016,1
Great Brocade,TQ35,2012-2016,1
Angle-striped Sallow,TQ36,1975-1991,1
Great Brocade,TQ36,1975-1991,1
Great Brocade,TQ37,1975-1991,1
Red Sword-grass,TQ43,2012-2016,1
Scarce Silver Y,TQ49,2012-2016,1
Sword-grass,TQ49,1975-1991,0
Angle-striped Sallow,TQ71,1975-1991,1
Sword-grass,TQ82,1975-1991,0
Red Sword-grass,TQ86,2012-2016,1
Great Brocade,TQ88,1975-1991,1
Scarce Silver Y,TQ93,1975-1991,1
Great Brocade,TQ97,2012-2016,1
Red Sword-grass,TR35,2012-2016,1
Great Brocade,TR35,2012-2016,1
Great Brocade,TR36,1975-1991,1
Great Brocade,TR37,1975-1991,1
